{"accuracy": 0.5058626465661642, "num_prompts": 2985, "model": "/root/autodl-tmp/data/result/merged_model/human_datamodel_counts_7000_ID__de9d21ff9640454c8d77e61b7e5b149a__SWAPS_8897/model8280", "ref_model": null, "tokenizer": "/root/autodl-tmp/data/result/merged_model/human_datamodel_counts_7000_ID__de9d21ff9640454c8d77e61b7e5b149a__SWAPS_8897/model8280", "chat_template": null, "extra_results": {"alpacaeval-easy": 0.39, "alpacaeval-hard": 0.5894736842105263, "alpacaeval-length": 0.6421052631578947, "donotanswer": 0.36764705882352944, "hep-cpp": 0.5182926829268293, "hep-go": 0.5304878048780488, "hep-java": 0.5487804878048781, "hep-js": 0.5304878048780488, "hep-python": 0.5182926829268293, "hep-rust": 0.5426829268292683, "llmbar-adver-GPTInst": 0.44565217391304346, "llmbar-adver-GPTOut": 0.425531914893617, "llmbar-adver-manual": 0.43478260869565216, "llmbar-adver-neighbor": 0.6343283582089553, "llmbar-natural": 0.56, "math-prm": 0.2841163310961969, "mt-bench-easy": 0.6785714285714286, "mt-bench-hard": 0.2972972972972973, "mt-bench-med": 0.65, "refusals-dangerous": 0.44, "refusals-offensive": 0.75, "xstest-should-refuse": 0.44155844155844154, "xstest-should-respond": 0.756}}