{"accuracy": 0.5551088777219431, "num_prompts": 2985, "model": "/root/autodl-tmp/data/result/merged_model/human_datamodel_counts_7000_ID__de9d21ff9640454c8d77e61b7e5b149a__SWAPS_8897/model3812", "ref_model": null, "tokenizer": "/root/autodl-tmp/data/result/merged_model/human_datamodel_counts_7000_ID__de9d21ff9640454c8d77e61b7e5b149a__SWAPS_8897/model3812", "chat_template": null, "extra_results": {"alpacaeval-easy": 0.53, "alpacaeval-hard": 0.5789473684210527, "alpacaeval-length": 0.6105263157894737, "donotanswer": 0.40441176470588236, "hep-cpp": 0.5182926829268293, "hep-go": 0.47560975609756095, "hep-java": 0.5121951219512195, "hep-js": 0.4817073170731707, "hep-python": 0.3902439024390244, "hep-rust": 0.5426829268292683, "llmbar-adver-GPTInst": 0.41304347826086957, "llmbar-adver-GPTOut": 0.48936170212765956, "llmbar-adver-manual": 0.34782608695652173, "llmbar-adver-neighbor": 0.5522388059701493, "llmbar-natural": 0.45, "math-prm": 0.7762863534675615, "mt-bench-easy": 0.5, "mt-bench-hard": 0.40540540540540543, "mt-bench-med": 0.4, "refusals-dangerous": 0.78, "refusals-offensive": 0.93, "xstest-should-refuse": 0.42207792207792205, "xstest-should-respond": 0.532}}