{
    "epoch": 3.0,
    "total_flos": 1.787463439315108e+17,
    "train_loss": 0.9707108459472656,
    "train_runtime": 2781.5601,
    "train_samples_per_second": 1.079,
    "train_steps_per_second": 0.135
}