{"accuracy": 0.4827470686767169, "num_prompts": 2985, "model": "/root/autodl-tmp/data/result/merged_model/human_datamodel_counts_7000_ID__04b70c0ca99f4e2884848939fbbea879__SWAPS_2267/model8280", "ref_model": null, "tokenizer": "/root/autodl-tmp/data/result/merged_model/human_datamodel_counts_7000_ID__04b70c0ca99f4e2884848939fbbea879__SWAPS_2267/model8280", "chat_template": null, "extra_results": {"alpacaeval-easy": 0.63, "alpacaeval-hard": 0.631578947368421, "alpacaeval-length": 0.6, "donotanswer": 0.22794117647058823, "hep-cpp": 0.47560975609756095, "hep-go": 0.524390243902439, "hep-java": 0.4634146341463415, "hep-js": 0.524390243902439, "hep-python": 0.5487804878048781, "hep-rust": 0.4695121951219512, "llmbar-adver-GPTInst": 0.25, "llmbar-adver-GPTOut": 0.2978723404255319, "llmbar-adver-manual": 0.5, "llmbar-adver-neighbor": 0.5522388059701493, "llmbar-natural": 0.69, "math-prm": 0.27740492170022374, "mt-bench-easy": 0.7142857142857143, "mt-bench-hard": 0.40540540540540543, "mt-bench-med": 0.575, "refusals-dangerous": 0.52, "refusals-offensive": 0.33, "xstest-should-refuse": 0.3181818181818182, "xstest-should-respond": 0.872}}