{"accuracy": 0.5266331658291458, "num_prompts": 2985, "model": "/root/autodl-tmp/data/result/merged_model/human_datamodel_counts_7000_ID__16187adae28a47b3b9335b53b450f616__SWAPS_7995/model8280", "ref_model": null, "tokenizer": "/root/autodl-tmp/data/result/merged_model/human_datamodel_counts_7000_ID__16187adae28a47b3b9335b53b450f616__SWAPS_7995/model8280", "chat_template": null, "extra_results": {"alpacaeval-easy": 0.6, "alpacaeval-hard": 0.45263157894736844, "alpacaeval-length": 0.47368421052631576, "donotanswer": 0.4338235294117647, "hep-cpp": 0.5182926829268293, "hep-go": 0.4329268292682927, "hep-java": 0.5, "hep-js": 0.4268292682926829, "hep-python": 0.45121951219512196, "hep-rust": 0.5121951219512195, "llmbar-adver-GPTInst": 0.532608695652174, "llmbar-adver-GPTOut": 0.5106382978723404, "llmbar-adver-manual": 0.41304347826086957, "llmbar-adver-neighbor": 0.47761194029850745, "llmbar-natural": 0.39, "math-prm": 0.8053691275167785, "mt-bench-easy": 0.5, "mt-bench-hard": 0.4594594594594595, "mt-bench-med": 0.375, "refusals-dangerous": 0.78, "refusals-offensive": 0.7, "xstest-should-refuse": 0.3116883116883117, "xstest-should-respond": 0.408}}