{"accuracy": 0.4559463986599665, "num_prompts": 2985, "model": "/root/autodl-tmp/data/result/merged_model/human_datamodel_counts_7000_ID__16187adae28a47b3b9335b53b450f616__SWAPS_7995/model9864", "ref_model": null, "tokenizer": "/root/autodl-tmp/data/result/merged_model/human_datamodel_counts_7000_ID__16187adae28a47b3b9335b53b450f616__SWAPS_7995/model9864", "chat_template": null, "extra_results": {"alpacaeval-easy": 0.39, "alpacaeval-hard": 0.5578947368421052, "alpacaeval-length": 0.42105263157894735, "donotanswer": 0.6323529411764706, "hep-cpp": 0.47560975609756095, "hep-go": 0.4329268292682927, "hep-java": 0.45121951219512196, "hep-js": 0.4817073170731707, "hep-python": 0.36585365853658536, "hep-rust": 0.49390243902439024, "llmbar-adver-GPTInst": 0.6739130434782609, "llmbar-adver-GPTOut": 0.6170212765957447, "llmbar-adver-manual": 0.5217391304347826, "llmbar-adver-neighbor": 0.4925373134328358, "llmbar-natural": 0.39, "math-prm": 0.40268456375838924, "mt-bench-easy": 0.5714285714285714, "mt-bench-hard": 0.5135135135135135, "mt-bench-med": 0.425, "refusals-dangerous": 0.39, "refusals-offensive": 0.76, "xstest-should-refuse": 0.577922077922078, "xstest-should-respond": 0.176}}