{"accuracy": 0.44154103852596316, "num_prompts": 2985, "model": "/root/autodl-tmp/data/result/merged_model/human_datamodel_counts_7000_ID__16187adae28a47b3b9335b53b450f616__SWAPS_7995/model3812", "ref_model": null, "tokenizer": "/root/autodl-tmp/data/result/merged_model/human_datamodel_counts_7000_ID__16187adae28a47b3b9335b53b450f616__SWAPS_7995/model3812", "chat_template": null, "extra_results": {"alpacaeval-easy": 0.73, "alpacaeval-hard": 0.5578947368421052, "alpacaeval-length": 0.5789473684210527, "donotanswer": 0.2426470588235294, "hep-cpp": 0.4817073170731707, "hep-go": 0.4634146341463415, "hep-java": 0.5, "hep-js": 0.5, "hep-python": 0.5304878048780488, "hep-rust": 0.4817073170731707, "llmbar-adver-GPTInst": 0.2391304347826087, "llmbar-adver-GPTOut": 0.5106382978723404, "llmbar-adver-manual": 0.5, "llmbar-adver-neighbor": 0.40298507462686567, "llmbar-natural": 0.55, "math-prm": 0.08053691275167785, "mt-bench-easy": 0.4642857142857143, "mt-bench-hard": 0.4594594594594595, "mt-bench-med": 0.5, "refusals-dangerous": 0.53, "refusals-offensive": 0.28, "xstest-should-refuse": 0.33766233766233766, "xstest-should-respond": 0.888}}