{"accuracy": 0.5232830820770519, "num_prompts": 2985, "model": "/root/autodl-tmp/data/result/merged_model/human_datamodel_counts_7000_ID__6dbd33bf9fd341e595c86cb9bdb3ee7f__SWAPS_1241/model8280", "ref_model": null, "tokenizer": "/root/autodl-tmp/data/result/merged_model/human_datamodel_counts_7000_ID__6dbd33bf9fd341e595c86cb9bdb3ee7f__SWAPS_1241/model8280", "chat_template": null, "extra_results": {"alpacaeval-easy": 0.17, "alpacaeval-hard": 0.3157894736842105, "alpacaeval-length": 0.3368421052631579, "donotanswer": 0.6176470588235294, "hep-cpp": 0.5365853658536586, "hep-go": 0.5, "hep-java": 0.524390243902439, "hep-js": 0.5365853658536586, "hep-python": 0.4878048780487805, "hep-rust": 0.4573170731707317, "llmbar-adver-GPTInst": 0.7065217391304348, "llmbar-adver-GPTOut": 0.6382978723404256, "llmbar-adver-manual": 0.6304347826086957, "llmbar-adver-neighbor": 0.6716417910447762, "llmbar-natural": 0.45, "math-prm": 0.8232662192393736, "mt-bench-easy": 0.2857142857142857, "mt-bench-hard": 0.6216216216216216, "mt-bench-med": 0.55, "refusals-dangerous": 0.35, "refusals-offensive": 0.58, "xstest-should-refuse": 0.5064935064935064, "xstest-should-respond": 0.196}}