{"accuracy": 0.4509212730318258, "num_prompts": 2985, "model": "/root/autodl-tmp/data/result/merged_model/human_datamodel_counts_7000_ID__6dbd33bf9fd341e595c86cb9bdb3ee7f__SWAPS_1241/model9864", "ref_model": null, "tokenizer": "/root/autodl-tmp/data/result/merged_model/human_datamodel_counts_7000_ID__6dbd33bf9fd341e595c86cb9bdb3ee7f__SWAPS_1241/model9864", "chat_template": null, "extra_results": {"alpacaeval-easy": 0.35, "alpacaeval-hard": 0.49473684210526314, "alpacaeval-length": 0.4105263157894737, "donotanswer": 0.4411764705882353, "hep-cpp": 0.39634146341463417, "hep-go": 0.42073170731707316, "hep-java": 0.4817073170731707, "hep-js": 0.42073170731707316, "hep-python": 0.4146341463414634, "hep-rust": 0.40853658536585363, "llmbar-adver-GPTInst": 0.5869565217391305, "llmbar-adver-GPTOut": 0.6170212765957447, "llmbar-adver-manual": 0.32608695652173914, "llmbar-adver-neighbor": 0.43283582089552236, "llmbar-natural": 0.51, "math-prm": 0.2639821029082774, "mt-bench-easy": 0.2857142857142857, "mt-bench-hard": 0.5945945945945946, "mt-bench-med": 0.55, "refusals-dangerous": 0.61, "refusals-offensive": 0.67, "xstest-should-refuse": 0.6623376623376623, "xstest-should-respond": 0.564}}