{"accuracy": 0.402680067001675, "num_prompts": 2985, "model": "/root/autodl-tmp/data/result/merged_model/human_datamodel_counts_7000_ID__6dbd33bf9fd341e595c86cb9bdb3ee7f__SWAPS_1241/model3812", "ref_model": null, "tokenizer": "/root/autodl-tmp/data/result/merged_model/human_datamodel_counts_7000_ID__6dbd33bf9fd341e595c86cb9bdb3ee7f__SWAPS_1241/model3812", "chat_template": null, "extra_results": {"alpacaeval-easy": 0.3, "alpacaeval-hard": 0.3894736842105263, "alpacaeval-length": 0.2736842105263158, "donotanswer": 0.47794117647058826, "hep-cpp": 0.5548780487804879, "hep-go": 0.47560975609756095, "hep-java": 0.5426829268292683, "hep-js": 0.4634146341463415, "hep-python": 0.5060975609756098, "hep-rust": 0.43902439024390244, "llmbar-adver-GPTInst": 0.6086956521739131, "llmbar-adver-GPTOut": 0.48936170212765956, "llmbar-adver-manual": 0.5869565217391305, "llmbar-adver-neighbor": 0.5298507462686567, "llmbar-natural": 0.37, "math-prm": 0.06040268456375839, "mt-bench-easy": 0.5357142857142857, "mt-bench-hard": 0.5135135135135135, "mt-bench-med": 0.625, "refusals-dangerous": 0.66, "refusals-offensive": 0.45, "xstest-should-refuse": 0.5844155844155844, "xstest-should-respond": 0.216}}