{"accuracy": 0.4864321608040201, "num_prompts": 2985, "model": "/root/autodl-tmp/data/result/merged_model/human_datamodel_counts_7000_ID__5d5dd25587f8473e8f5f8b7cc5f71389__SWAPS_1824/model3812", "ref_model": null, "tokenizer": "/root/autodl-tmp/data/result/merged_model/human_datamodel_counts_7000_ID__5d5dd25587f8473e8f5f8b7cc5f71389__SWAPS_1824/model3812", "chat_template": null, "extra_results": {"alpacaeval-easy": 0.56, "alpacaeval-hard": 0.5894736842105263, "alpacaeval-length": 0.4105263157894737, "donotanswer": 0.4338235294117647, "hep-cpp": 0.4573170731707317, "hep-go": 0.4634146341463415, "hep-java": 0.4878048780487805, "hep-js": 0.5365853658536586, "hep-python": 0.4329268292682927, "hep-rust": 0.5060975609756098, "llmbar-adver-GPTInst": 0.45652173913043476, "llmbar-adver-GPTOut": 0.40425531914893614, "llmbar-adver-manual": 0.5652173913043478, "llmbar-adver-neighbor": 0.44776119402985076, "llmbar-natural": 0.41, "math-prm": 0.8903803131991052, "mt-bench-easy": 0.6071428571428571, "mt-bench-hard": 0.5945945945945946, "mt-bench-med": 0.575, "refusals-dangerous": 0.1, "refusals-offensive": 0.11, "xstest-should-refuse": 0.14285714285714285, "xstest-should-respond": 0.312}}