{"accuracy": 0.5309882747068677, "num_prompts": 2985, "model": "/root/autodl-tmp/data/result/merged_model/human_datamodel_counts_7000_ID__5d5dd25587f8473e8f5f8b7cc5f71389__SWAPS_1824/model8280", "ref_model": null, "tokenizer": "/root/autodl-tmp/data/result/merged_model/human_datamodel_counts_7000_ID__5d5dd25587f8473e8f5f8b7cc5f71389__SWAPS_1824/model8280", "chat_template": null, "extra_results": {"alpacaeval-easy": 0.47, "alpacaeval-hard": 0.6105263157894737, "alpacaeval-length": 0.6210526315789474, "donotanswer": 0.4117647058823529, "hep-cpp": 0.5426829268292683, "hep-go": 0.5, "hep-java": 0.5548780487804879, "hep-js": 0.5, "hep-python": 0.6036585365853658, "hep-rust": 0.5609756097560976, "llmbar-adver-GPTInst": 0.4673913043478261, "llmbar-adver-GPTOut": 0.48936170212765956, "llmbar-adver-manual": 0.5434782608695652, "llmbar-adver-neighbor": 0.5373134328358209, "llmbar-natural": 0.56, "math-prm": 0.3243847874720358, "mt-bench-easy": 0.5714285714285714, "mt-bench-hard": 0.5135135135135135, "mt-bench-med": 0.525, "refusals-dangerous": 0.96, "refusals-offensive": 0.76, "xstest-should-refuse": 0.4675324675324675, "xstest-should-respond": 0.664}}