{"accuracy": 0.5239530988274707, "num_prompts": 2985, "model": "/root/autodl-tmp/data/result/merged_model/human_datamodel_counts_7000_ID__5d5dd25587f8473e8f5f8b7cc5f71389__SWAPS_1824/model9864", "ref_model": null, "tokenizer": "/root/autodl-tmp/data/result/merged_model/human_datamodel_counts_7000_ID__5d5dd25587f8473e8f5f8b7cc5f71389__SWAPS_1824/model9864", "chat_template": null, "extra_results": {"alpacaeval-easy": 0.25, "alpacaeval-hard": 0.2, "alpacaeval-length": 0.3368421052631579, "donotanswer": 0.6911764705882353, "hep-cpp": 0.5060975609756098, "hep-go": 0.4573170731707317, "hep-java": 0.3719512195121951, "hep-js": 0.43902439024390244, "hep-python": 0.4451219512195122, "hep-rust": 0.524390243902439, "llmbar-adver-GPTInst": 0.7391304347826086, "llmbar-adver-GPTOut": 0.574468085106383, "llmbar-adver-manual": 0.6086956521739131, "llmbar-adver-neighbor": 0.6119402985074627, "llmbar-natural": 0.43, "math-prm": 0.9149888143176734, "mt-bench-easy": 0.35714285714285715, "mt-bench-hard": 0.3783783783783784, "mt-bench-med": 0.45, "refusals-dangerous": 0.54, "refusals-offensive": 0.35, "xstest-should-refuse": 0.5974025974025974, "xstest-should-respond": 0.256}}