{"accuracy": 0.44321608040201005, "num_prompts": 2985, "model": "/root/autodl-tmp/data/result/merged_model/human_datamodel_counts_7000_ID__2a1059ec4a5c435bacc16694ba5ec403__SWAPS_9266/model9864", "ref_model": null, "tokenizer": "/root/autodl-tmp/data/result/merged_model/human_datamodel_counts_7000_ID__2a1059ec4a5c435bacc16694ba5ec403__SWAPS_9266/model9864", "chat_template": null, "extra_results": {"alpacaeval-easy": 0.56, "alpacaeval-hard": 0.5894736842105263, "alpacaeval-length": 0.6, "donotanswer": 0.4117647058823529, "hep-cpp": 0.4268292682926829, "hep-go": 0.4817073170731707, "hep-java": 0.4451219512195122, "hep-js": 0.4329268292682927, "hep-python": 0.49390243902439024, "hep-rust": 0.45121951219512196, "llmbar-adver-GPTInst": 0.43478260869565216, "llmbar-adver-GPTOut": 0.574468085106383, "llmbar-adver-manual": 0.3695652173913043, "llmbar-adver-neighbor": 0.47761194029850745, "llmbar-natural": 0.52, "math-prm": 0.0894854586129754, "mt-bench-easy": 0.75, "mt-bench-hard": 0.5675675675675675, "mt-bench-med": 0.65, "refusals-dangerous": 0.3, "refusals-offensive": 0.67, "xstest-should-refuse": 0.5974025974025974, "xstest-should-respond": 0.612}}