{"accuracy": 0.45125628140703516, "num_prompts": 2985, "model": "/root/autodl-tmp/data/result/merged_model/human_datamodel_counts_7000_ID__2a1059ec4a5c435bacc16694ba5ec403__SWAPS_9266/model3812", "ref_model": null, "tokenizer": "/root/autodl-tmp/data/result/merged_model/human_datamodel_counts_7000_ID__2a1059ec4a5c435bacc16694ba5ec403__SWAPS_9266/model3812", "chat_template": null, "extra_results": {"alpacaeval-easy": 0.53, "alpacaeval-hard": 0.4631578947368421, "alpacaeval-length": 0.6631578947368421, "donotanswer": 0.4117647058823529, "hep-cpp": 0.5060975609756098, "hep-go": 0.5548780487804879, "hep-java": 0.5304878048780488, "hep-js": 0.5609756097560976, "hep-python": 0.5182926829268293, "hep-rust": 0.5548780487804879, "llmbar-adver-GPTInst": 0.33695652173913043, "llmbar-adver-GPTOut": 0.3617021276595745, "llmbar-adver-manual": 0.3695652173913043, "llmbar-adver-neighbor": 0.4701492537313433, "llmbar-natural": 0.63, "math-prm": 0.05145413870246085, "mt-bench-easy": 0.8214285714285714, "mt-bench-hard": 0.35135135135135137, "mt-bench-med": 0.55, "refusals-dangerous": 0.51, "refusals-offensive": 0.14, "xstest-should-refuse": 0.37012987012987014, "xstest-should-respond": 0.832}}