{"accuracy": 0.44254606365159127, "num_prompts": 2985, "model": "/root/autodl-tmp/data/result/merged_model/human_datamodel_counts_7000_ID__2a1059ec4a5c435bacc16694ba5ec403__SWAPS_9266/model8280", "ref_model": null, "tokenizer": "/root/autodl-tmp/data/result/merged_model/human_datamodel_counts_7000_ID__2a1059ec4a5c435bacc16694ba5ec403__SWAPS_9266/model8280", "chat_template": null, "extra_results": {"alpacaeval-easy": 0.61, "alpacaeval-hard": 0.6210526315789474, "alpacaeval-length": 0.4631578947368421, "donotanswer": 0.3897058823529412, "hep-cpp": 0.5121951219512195, "hep-go": 0.6097560975609756, "hep-java": 0.5426829268292683, "hep-js": 0.5365853658536586, "hep-python": 0.5426829268292683, "hep-rust": 0.5, "llmbar-adver-GPTInst": 0.2717391304347826, "llmbar-adver-GPTOut": 0.5106382978723404, "llmbar-adver-manual": 0.2826086956521739, "llmbar-adver-neighbor": 0.43283582089552236, "llmbar-natural": 0.59, "math-prm": 0.08053691275167785, "mt-bench-easy": 0.6785714285714286, "mt-bench-hard": 0.5405405405405406, "mt-bench-med": 0.6, "refusals-dangerous": 0.6, "refusals-offensive": 0.5, "xstest-should-refuse": 0.33116883116883117, "xstest-should-respond": 0.532}}