{"accuracy": 0.40938023450586264, "num_prompts": 2985, "model": "/root/autodl-tmp/data/result/merged_model/human_datamodel_counts_7000_ID__fd04f104a2aa4afab5d718e3cbf4aa25__SWAPS_5436/model9864", "ref_model": null, "tokenizer": "/root/autodl-tmp/data/result/merged_model/human_datamodel_counts_7000_ID__fd04f104a2aa4afab5d718e3cbf4aa25__SWAPS_5436/model9864", "chat_template": null, "extra_results": {"alpacaeval-easy": 0.66, "alpacaeval-hard": 0.6, "alpacaeval-length": 0.47368421052631576, "donotanswer": 0.3382352941176471, "hep-cpp": 0.5060975609756098, "hep-go": 0.42073170731707316, "hep-java": 0.4695121951219512, "hep-js": 0.42073170731707316, "hep-python": 0.4695121951219512, "hep-rust": 0.40853658536585363, "llmbar-adver-GPTInst": 0.33695652173913043, "llmbar-adver-GPTOut": 0.5957446808510638, "llmbar-adver-manual": 0.4782608695652174, "llmbar-adver-neighbor": 0.4925373134328358, "llmbar-natural": 0.49, "math-prm": 0.049217002237136466, "mt-bench-easy": 0.6071428571428571, "mt-bench-hard": 0.4864864864864865, "mt-bench-med": 0.425, "refusals-dangerous": 0.67, "refusals-offensive": 0.22, "xstest-should-refuse": 0.3181818181818182, "xstest-should-respond": 0.632}}