{"accuracy": 0.5581239530988275, "num_prompts": 2985, "model": "/root/autodl-tmp/data/result/merged_model/human_datamodel_counts_7000_ID__fd04f104a2aa4afab5d718e3cbf4aa25__SWAPS_5436/model8280", "ref_model": null, "tokenizer": "/root/autodl-tmp/data/result/merged_model/human_datamodel_counts_7000_ID__fd04f104a2aa4afab5d718e3cbf4aa25__SWAPS_5436/model8280", "chat_template": null, "extra_results": {"alpacaeval-easy": 0.43, "alpacaeval-hard": 0.16842105263157894, "alpacaeval-length": 0.28421052631578947, "donotanswer": 0.8161764705882353, "hep-cpp": 0.5060975609756098, "hep-go": 0.49390243902439024, "hep-java": 0.5365853658536586, "hep-js": 0.4268292682926829, "hep-python": 0.4268292682926829, "hep-rust": 0.4634146341463415, "llmbar-adver-GPTInst": 0.6304347826086957, "llmbar-adver-GPTOut": 0.40425531914893614, "llmbar-adver-manual": 0.6304347826086957, "llmbar-adver-neighbor": 0.5746268656716418, "llmbar-natural": 0.52, "math-prm": 0.8702460850111857, "mt-bench-easy": 0.35714285714285715, "mt-bench-hard": 0.5675675675675675, "mt-bench-med": 0.325, "refusals-dangerous": 0.86, "refusals-offensive": 0.75, "xstest-should-refuse": 0.538961038961039, "xstest-should-respond": 0.356}}