{"accuracy": 0.4559463986599665, "num_prompts": 2985, "model": "/root/autodl-tmp/data/result/merged_model/human_datamodel_counts_7000_ID__fd04f104a2aa4afab5d718e3cbf4aa25__SWAPS_5436/model3812", "ref_model": null, "tokenizer": "/root/autodl-tmp/data/result/merged_model/human_datamodel_counts_7000_ID__fd04f104a2aa4afab5d718e3cbf4aa25__SWAPS_5436/model3812", "chat_template": null, "extra_results": {"alpacaeval-easy": 0.4, "alpacaeval-hard": 0.45263157894736844, "alpacaeval-length": 0.5368421052631579, "donotanswer": 0.7867647058823529, "hep-cpp": 0.4268292682926829, "hep-go": 0.49390243902439024, "hep-java": 0.42073170731707316, "hep-js": 0.45121951219512196, "hep-python": 0.3780487804878049, "hep-rust": 0.39634146341463417, "llmbar-adver-GPTInst": 0.5760869565217391, "llmbar-adver-GPTOut": 0.5319148936170213, "llmbar-adver-manual": 0.43478260869565216, "llmbar-adver-neighbor": 0.43283582089552236, "llmbar-natural": 0.46, "math-prm": 0.4429530201342282, "mt-bench-easy": 0.4642857142857143, "mt-bench-hard": 0.4594594594594595, "mt-bench-med": 0.5, "refusals-dangerous": 0.3, "refusals-offensive": 0.63, "xstest-should-refuse": 0.564935064935065, "xstest-should-respond": 0.276}}