{"accuracy": 0.47738693467336685, "num_prompts": 2985, "model": "/root/autodl-tmp/data/result/merged_model/human_datamodel_counts_7000_ID__37be46d372fc4308a404a63ab0cadb38__SWAPS_1766/model8280", "ref_model": null, "tokenizer": "/root/autodl-tmp/data/result/merged_model/human_datamodel_counts_7000_ID__37be46d372fc4308a404a63ab0cadb38__SWAPS_1766/model8280", "chat_template": null, "extra_results": {"alpacaeval-easy": 0.39, "alpacaeval-hard": 0.42105263157894735, "alpacaeval-length": 0.6210526315789474, "donotanswer": 0.38235294117647056, "hep-cpp": 0.4634146341463415, "hep-go": 0.5060975609756098, "hep-java": 0.5182926829268293, "hep-js": 0.524390243902439, "hep-python": 0.5670731707317073, "hep-rust": 0.5365853658536586, "llmbar-adver-GPTInst": 0.45652173913043476, "llmbar-adver-GPTOut": 0.3617021276595745, "llmbar-adver-manual": 0.5, "llmbar-adver-neighbor": 0.6268656716417911, "llmbar-natural": 0.6, "math-prm": 0.14541387024608501, "mt-bench-easy": 0.5, "mt-bench-hard": 0.3783783783783784, "mt-bench-med": 0.475, "refusals-dangerous": 0.53, "refusals-offensive": 0.74, "xstest-should-refuse": 0.43506493506493504, "xstest-should-respond": 0.768}}