{"accuracy": 0.5721943048576215, "num_prompts": 2985, "model": "/root/autodl-tmp/data/result/merged_model/human_datamodel_counts_7000_ID__37be46d372fc4308a404a63ab0cadb38__SWAPS_1766/model3812", "ref_model": null, "tokenizer": "/root/autodl-tmp/data/result/merged_model/human_datamodel_counts_7000_ID__37be46d372fc4308a404a63ab0cadb38__SWAPS_1766/model3812", "chat_template": null, "extra_results": {"alpacaeval-easy": 0.64, "alpacaeval-hard": 0.5473684210526316, "alpacaeval-length": 0.7157894736842105, "donotanswer": 0.3897058823529412, "hep-cpp": 0.573170731707317, "hep-go": 0.5792682926829268, "hep-java": 0.49390243902439024, "hep-js": 0.573170731707317, "hep-python": 0.5548780487804879, "hep-rust": 0.5365853658536586, "llmbar-adver-GPTInst": 0.44565217391304346, "llmbar-adver-GPTOut": 0.5106382978723404, "llmbar-adver-manual": 0.5, "llmbar-adver-neighbor": 0.44029850746268656, "llmbar-natural": 0.53, "math-prm": 0.8948545861297539, "mt-bench-easy": 0.6428571428571429, "mt-bench-hard": 0.4594594594594595, "mt-bench-med": 0.525, "refusals-dangerous": 0.56, "refusals-offensive": 0.19, "xstest-should-refuse": 0.36363636363636365, "xstest-should-respond": 0.564}}