{"accuracy": 0.4274706867671692, "num_prompts": 2985, "model": "/root/autodl-tmp/data/result/merged_model/human_datamodel_counts_7000_ID__37be46d372fc4308a404a63ab0cadb38__SWAPS_1766/model9864", "ref_model": null, "tokenizer": "/root/autodl-tmp/data/result/merged_model/human_datamodel_counts_7000_ID__37be46d372fc4308a404a63ab0cadb38__SWAPS_1766/model9864", "chat_template": null, "extra_results": {"alpacaeval-easy": 0.59, "alpacaeval-hard": 0.8947368421052632, "alpacaeval-length": 0.5894736842105263, "donotanswer": 0.36764705882352944, "hep-cpp": 0.4878048780487805, "hep-go": 0.49390243902439024, "hep-java": 0.4878048780487805, "hep-js": 0.4695121951219512, "hep-python": 0.4146341463414634, "hep-rust": 0.5, "llmbar-adver-GPTInst": 0.45652173913043476, "llmbar-adver-GPTOut": 0.48936170212765956, "llmbar-adver-manual": 0.5, "llmbar-adver-neighbor": 0.3805970149253731, "llmbar-natural": 0.46, "math-prm": 0.05145413870246085, "mt-bench-easy": 0.5357142857142857, "mt-bench-hard": 0.5405405405405406, "mt-bench-med": 0.65, "refusals-dangerous": 0.36, "refusals-offensive": 0.3, "xstest-should-refuse": 0.3051948051948052, "xstest-should-respond": 0.704}}