{"accuracy": 0.5306532663316583, "num_prompts": 2985, "model": "/root/autodl-tmp/data/result/merged_model/human_datamodel_counts_7000_ID__66164ebf617f4cf39d9e2403987a3e0a__SWAPS_6784/model8280", "ref_model": null, "tokenizer": "/root/autodl-tmp/data/result/merged_model/human_datamodel_counts_7000_ID__66164ebf617f4cf39d9e2403987a3e0a__SWAPS_6784/model8280", "chat_template": null, "extra_results": {"alpacaeval-easy": 0.35, "alpacaeval-hard": 0.4631578947368421, "alpacaeval-length": 0.29473684210526313, "donotanswer": 0.5661764705882353, "hep-cpp": 0.5304878048780488, "hep-go": 0.4146341463414634, "hep-java": 0.5060975609756098, "hep-js": 0.45121951219512196, "hep-python": 0.4573170731707317, "hep-rust": 0.524390243902439, "llmbar-adver-GPTInst": 0.6739130434782609, "llmbar-adver-GPTOut": 0.6808510638297872, "llmbar-adver-manual": 0.5652173913043478, "llmbar-adver-neighbor": 0.5298507462686567, "llmbar-natural": 0.42, "math-prm": 0.8568232662192393, "mt-bench-easy": 0.2857142857142857, "mt-bench-hard": 0.5945945945945946, "mt-bench-med": 0.475, "refusals-dangerous": 0.65, "refusals-offensive": 0.77, "xstest-should-refuse": 0.5324675324675324, "xstest-should-respond": 0.152}}