{"accuracy": 0.48576214405360135, "num_prompts": 2985, "model": "/root/autodl-tmp/data/result/merged_model/human_datamodel_counts_7000_ID__66164ebf617f4cf39d9e2403987a3e0a__SWAPS_6784/model3812", "ref_model": null, "tokenizer": "/root/autodl-tmp/data/result/merged_model/human_datamodel_counts_7000_ID__66164ebf617f4cf39d9e2403987a3e0a__SWAPS_6784/model3812", "chat_template": null, "extra_results": {"alpacaeval-easy": 0.53, "alpacaeval-hard": 0.6526315789473685, "alpacaeval-length": 0.4842105263157895, "donotanswer": 0.5073529411764706, "hep-cpp": 0.5304878048780488, "hep-go": 0.42073170731707316, "hep-java": 0.5426829268292683, "hep-js": 0.4573170731707317, "hep-python": 0.40853658536585363, "hep-rust": 0.5365853658536586, "llmbar-adver-GPTInst": 0.44565217391304346, "llmbar-adver-GPTOut": 0.46808510638297873, "llmbar-adver-manual": 0.4782608695652174, "llmbar-adver-neighbor": 0.44029850746268656, "llmbar-natural": 0.55, "math-prm": 0.16331096196868009, "mt-bench-easy": 0.32142857142857145, "mt-bench-hard": 0.4594594594594595, "mt-bench-med": 0.575, "refusals-dangerous": 0.84, "refusals-offensive": 0.66, "xstest-should-refuse": 0.5714285714285714, "xstest-should-respond": 0.744}}