{"accuracy": 0.4723618090452261, "num_prompts": 2985, "model": "/root/autodl-tmp/data/result/merged_model/human_datamodel_counts_7000_ID__66164ebf617f4cf39d9e2403987a3e0a__SWAPS_6784/model9864", "ref_model": null, "tokenizer": "/root/autodl-tmp/data/result/merged_model/human_datamodel_counts_7000_ID__66164ebf617f4cf39d9e2403987a3e0a__SWAPS_6784/model9864", "chat_template": null, "extra_results": {"alpacaeval-easy": 0.45, "alpacaeval-hard": 0.47368421052631576, "alpacaeval-length": 0.2736842105263158, "donotanswer": 0.5661764705882353, "hep-cpp": 0.4146341463414634, "hep-go": 0.4634146341463415, "hep-java": 0.5487804878048781, "hep-js": 0.4634146341463415, "hep-python": 0.5060975609756098, "hep-rust": 0.47560975609756095, "llmbar-adver-GPTInst": 0.5978260869565217, "llmbar-adver-GPTOut": 0.7021276595744681, "llmbar-adver-manual": 0.5869565217391305, "llmbar-adver-neighbor": 0.5074626865671642, "llmbar-natural": 0.44, "math-prm": 0.3825503355704698, "mt-bench-easy": 0.32142857142857145, "mt-bench-hard": 0.5945945945945946, "mt-bench-med": 0.4, "refusals-dangerous": 0.75, "refusals-offensive": 0.82, "xstest-should-refuse": 0.5714285714285714, "xstest-should-respond": 0.224}}