{"accuracy": 0.5430485762144054, "num_prompts": 2985, "model": "/root/autodl-tmp/data/result/merged_model/human_datamodel_counts_7000_ID__7509849005034fccad92951707b60f53__SWAPS_28/model9864", "ref_model": null, "tokenizer": "/root/autodl-tmp/data/result/merged_model/human_datamodel_counts_7000_ID__7509849005034fccad92951707b60f53__SWAPS_28/model9864", "chat_template": null, "extra_results": {"alpacaeval-easy": 0.28, "alpacaeval-hard": 0.3473684210526316, "alpacaeval-length": 0.45263157894736844, "donotanswer": 0.5882352941176471, "hep-cpp": 0.4634146341463415, "hep-go": 0.47560975609756095, "hep-java": 0.49390243902439024, "hep-js": 0.5365853658536586, "hep-python": 0.4451219512195122, "hep-rust": 0.4695121951219512, "llmbar-adver-GPTInst": 0.8043478260869565, "llmbar-adver-GPTOut": 0.46808510638297873, "llmbar-adver-manual": 0.5217391304347826, "llmbar-adver-neighbor": 0.6119402985074627, "llmbar-natural": 0.46, "math-prm": 0.8970917225950783, "mt-bench-easy": 0.21428571428571427, "mt-bench-hard": 0.5405405405405406, "mt-bench-med": 0.4, "refusals-dangerous": 0.71, "refusals-offensive": 0.56, "xstest-should-refuse": 0.4090909090909091, "xstest-should-respond": 0.332}}