{"accuracy": 0.507537688442211, "num_prompts": 2985, "model": "/root/autodl-tmp/data/result/merged_model/human_datamodel_counts_7000_ID__7509849005034fccad92951707b60f53__SWAPS_28/model3812", "ref_model": null, "tokenizer": "/root/autodl-tmp/data/result/merged_model/human_datamodel_counts_7000_ID__7509849005034fccad92951707b60f53__SWAPS_28/model3812", "chat_template": null, "extra_results": {"alpacaeval-easy": 0.43, "alpacaeval-hard": 0.3157894736842105, "alpacaeval-length": 0.47368421052631576, "donotanswer": 0.7573529411764706, "hep-cpp": 0.5060975609756098, "hep-go": 0.4634146341463415, "hep-java": 0.5487804878048781, "hep-js": 0.5304878048780488, "hep-python": 0.4878048780487805, "hep-rust": 0.4695121951219512, "llmbar-adver-GPTInst": 0.6847826086956522, "llmbar-adver-GPTOut": 0.5106382978723404, "llmbar-adver-manual": 0.6739130434782609, "llmbar-adver-neighbor": 0.5970149253731343, "llmbar-natural": 0.53, "math-prm": 0.3422818791946309, "mt-bench-easy": 0.5714285714285714, "mt-bench-hard": 0.5405405405405406, "mt-bench-med": 0.45, "refusals-dangerous": 0.89, "refusals-offensive": 0.95, "xstest-should-refuse": 0.7207792207792207, "xstest-should-respond": 0.192}}