{"accuracy": 0.525963149078727, "num_prompts": 2985, "model": "/root/autodl-tmp/data/result/merged_model/human_datamodel_counts_7000_ID__7509849005034fccad92951707b60f53__SWAPS_28/model8280", "ref_model": null, "tokenizer": "/root/autodl-tmp/data/result/merged_model/human_datamodel_counts_7000_ID__7509849005034fccad92951707b60f53__SWAPS_28/model8280", "chat_template": null, "extra_results": {"alpacaeval-easy": 0.6, "alpacaeval-hard": 0.6, "alpacaeval-length": 0.6105263157894737, "donotanswer": 0.33088235294117646, "hep-cpp": 0.5, "hep-go": 0.5182926829268293, "hep-java": 0.4329268292682927, "hep-js": 0.5060975609756098, "hep-python": 0.573170731707317, "hep-rust": 0.5609756097560976, "llmbar-adver-GPTInst": 0.34782608695652173, "llmbar-adver-GPTOut": 0.425531914893617, "llmbar-adver-manual": 0.5434782608695652, "llmbar-adver-neighbor": 0.5223880597014925, "llmbar-natural": 0.56, "math-prm": 0.5190156599552572, "mt-bench-easy": 0.6785714285714286, "mt-bench-hard": 0.4594594594594595, "mt-bench-med": 0.55, "refusals-dangerous": 0.42, "refusals-offensive": 0.4, "xstest-should-refuse": 0.4090909090909091, "xstest-should-respond": 0.82}}