{"accuracy": 0.44991624790619766, "num_prompts": 2985, "model": "/root/autodl-tmp/data/result/merged_model/human_datamodel_counts_7000_ID__debce7d6a72b4ee180dc8e40cd3937a9__SWAPS_9594/model3812", "ref_model": null, "tokenizer": "/root/autodl-tmp/data/result/merged_model/human_datamodel_counts_7000_ID__debce7d6a72b4ee180dc8e40cd3937a9__SWAPS_9594/model3812", "chat_template": null, "extra_results": {"alpacaeval-easy": 0.72, "alpacaeval-hard": 0.6842105263157895, "alpacaeval-length": 0.631578947368421, "donotanswer": 0.21323529411764705, "hep-cpp": 0.5426829268292683, "hep-go": 0.5487804878048781, "hep-java": 0.5060975609756098, "hep-js": 0.5060975609756098, "hep-python": 0.5670731707317073, "hep-rust": 0.4695121951219512, "llmbar-adver-GPTInst": 0.29347826086956524, "llmbar-adver-GPTOut": 0.48936170212765956, "llmbar-adver-manual": 0.34782608695652173, "llmbar-adver-neighbor": 0.40298507462686567, "llmbar-natural": 0.56, "math-prm": 0.053691275167785234, "mt-bench-easy": 0.8214285714285714, "mt-bench-hard": 0.40540540540540543, "mt-bench-med": 0.55, "refusals-dangerous": 0.37, "refusals-offensive": 0.45, "xstest-should-refuse": 0.44805194805194803, "xstest-should-respond": 0.764}}