{"accuracy": 0.5373534338358459, "num_prompts": 2985, "model": "/root/autodl-tmp/data/result/merged_model/human_datamodel_counts_7000_ID__debce7d6a72b4ee180dc8e40cd3937a9__SWAPS_9594/model9864", "ref_model": null, "tokenizer": "/root/autodl-tmp/data/result/merged_model/human_datamodel_counts_7000_ID__debce7d6a72b4ee180dc8e40cd3937a9__SWAPS_9594/model9864", "chat_template": null, "extra_results": {"alpacaeval-easy": 0.65, "alpacaeval-hard": 0.5578947368421052, "alpacaeval-length": 0.5263157894736842, "donotanswer": 0.49264705882352944, "hep-cpp": 0.47560975609756095, "hep-go": 0.4634146341463415, "hep-java": 0.5060975609756098, "hep-js": 0.5365853658536586, "hep-python": 0.524390243902439, "hep-rust": 0.4573170731707317, "llmbar-adver-GPTInst": 0.41304347826086957, "llmbar-adver-GPTOut": 0.3829787234042553, "llmbar-adver-manual": 0.5217391304347826, "llmbar-adver-neighbor": 0.417910447761194, "llmbar-natural": 0.47, "math-prm": 0.6510067114093959, "mt-bench-easy": 0.5, "mt-bench-hard": 0.40540540540540543, "mt-bench-med": 0.55, "refusals-dangerous": 0.9, "refusals-offensive": 0.82, "xstest-should-refuse": 0.5064935064935064, "xstest-should-respond": 0.432}}