{"accuracy": 0.4, "num_prompts": 2985, "model": "/root/autodl-tmp/data/result/merged_model/human_datamodel_counts_7000_ID__9e779fd1de8d433b83e0d55e33a0e076__SWAPS_620", "ref_model": null, "tokenizer": "/root/autodl-tmp/data/result/merged_model/human_datamodel_counts_7000_ID__9e779fd1de8d433b83e0d55e33a0e076__SWAPS_620", "chat_template": null, "extra_results": {"alpacaeval-easy": 0.35, "alpacaeval-hard": 0.2631578947368421, "alpacaeval-length": 0.35789473684210527, "donotanswer": 0.7132352941176471, "hep-cpp": 0.5365853658536586, "hep-go": 0.45121951219512196, "hep-java": 0.4268292682926829, "hep-js": 0.4817073170731707, "hep-python": 0.4634146341463415, "hep-rust": 0.43902439024390244, "llmbar-adver-GPTInst": 0.6413043478260869, "llmbar-adver-GPTOut": 0.3829787234042553, "llmbar-adver-manual": 0.6521739130434783, "llmbar-adver-neighbor": 0.5522388059701493, "llmbar-natural": 0.4, "math-prm": 0.16331096196868009, "mt-bench-easy": 0.35714285714285715, "mt-bench-hard": 0.5675675675675675, "mt-bench-med": 0.375, "refusals-dangerous": 0.36, "refusals-offensive": 0.35, "xstest-should-refuse": 0.42857142857142855, "xstest-should-respond": 0.268}}