{"accuracy": 0.5628140703517588, "num_prompts": 2985, "model": "/root/autodl-tmp/data/result/merged_model/human_datamodel_counts_7000_ID__d13efdb4dd3848dfa44beb904f6ab3ec__SWAPS_9905", "ref_model": null, "tokenizer": "/root/autodl-tmp/data/result/merged_model/human_datamodel_counts_7000_ID__d13efdb4dd3848dfa44beb904f6ab3ec__SWAPS_9905", "chat_template": null, "extra_results": {"alpacaeval-easy": 0.39, "alpacaeval-hard": 0.4, "alpacaeval-length": 0.3368421052631579, "donotanswer": 0.7352941176470589, "hep-cpp": 0.5487804878048781, "hep-go": 0.5365853658536586, "hep-java": 0.4878048780487805, "hep-js": 0.5060975609756098, "hep-python": 0.524390243902439, "hep-rust": 0.5426829268292683, "llmbar-adver-GPTInst": 0.6956521739130435, "llmbar-adver-GPTOut": 0.6382978723404256, "llmbar-adver-manual": 0.6086956521739131, "llmbar-adver-neighbor": 0.6417910447761194, "llmbar-natural": 0.41, "math-prm": 0.8791946308724832, "mt-bench-easy": 0.42857142857142855, "mt-bench-hard": 0.5405405405405406, "mt-bench-med": 0.4, "refusals-dangerous": 0.35, "refusals-offensive": 0.72, "xstest-should-refuse": 0.6493506493506493, "xstest-should-respond": 0.232}}