{"accuracy": 0.48676716917922946, "num_prompts": 2985, "model": "/root/autodl-tmp/data/result/merged_model/human_datamodel_counts_7000_ID__99b2f76f717549fa960e6266717ce757__SWAPS_6273", "ref_model": null, "tokenizer": "/root/autodl-tmp/data/result/merged_model/human_datamodel_counts_7000_ID__99b2f76f717549fa960e6266717ce757__SWAPS_6273", "chat_template": null, "extra_results": {"alpacaeval-easy": 0.61, "alpacaeval-hard": 0.5052631578947369, "alpacaeval-length": 0.631578947368421, "donotanswer": 0.47794117647058826, "hep-cpp": 0.4634146341463415, "hep-go": 0.47560975609756095, "hep-java": 0.5121951219512195, "hep-js": 0.45121951219512196, "hep-python": 0.47560975609756095, "hep-rust": 0.5609756097560976, "llmbar-adver-GPTInst": 0.42391304347826086, "llmbar-adver-GPTOut": 0.46808510638297873, "llmbar-adver-manual": 0.43478260869565216, "llmbar-adver-neighbor": 0.6119402985074627, "llmbar-natural": 0.52, "math-prm": 0.4809843400447427, "mt-bench-easy": 0.4642857142857143, "mt-bench-hard": 0.4594594594594595, "mt-bench-med": 0.4, "refusals-dangerous": 0.69, "refusals-offensive": 0.16, "xstest-should-refuse": 0.4935064935064935, "xstest-should-respond": 0.4}}