{"accuracy": 0.44221105527638194, "num_prompts": 2985, "model": "/root/autodl-tmp/data/result/merged_model/human_datamodel_counts_7000_ID__e7ff32fb4c584080b6d17c0d29967803__SWAPS_553", "ref_model": null, "tokenizer": "/root/autodl-tmp/data/result/merged_model/human_datamodel_counts_7000_ID__e7ff32fb4c584080b6d17c0d29967803__SWAPS_553", "chat_template": null, "extra_results": {"alpacaeval-easy": 0.85, "alpacaeval-hard": 0.7263157894736842, "alpacaeval-length": 0.4631578947368421, "donotanswer": 0.4852941176470588, "hep-cpp": 0.5182926829268293, "hep-go": 0.5365853658536586, "hep-java": 0.524390243902439, "hep-js": 0.4878048780487805, "hep-python": 0.524390243902439, "hep-rust": 0.4451219512195122, "llmbar-adver-GPTInst": 0.43478260869565216, "llmbar-adver-GPTOut": 0.3829787234042553, "llmbar-adver-manual": 0.2826086956521739, "llmbar-adver-neighbor": 0.3805970149253731, "llmbar-natural": 0.37, "math-prm": 0.08277404921700224, "mt-bench-easy": 0.5714285714285714, "mt-bench-hard": 0.4594594594594595, "mt-bench-med": 0.475, "refusals-dangerous": 0.43, "refusals-offensive": 0.54, "xstest-should-refuse": 0.38961038961038963, "xstest-should-respond": 0.612}}