{"accuracy": 0.5644891122278057, "num_prompts": 2985, "model": "/root/autodl-tmp/data/result/merged_model/human_datamodel_counts_7000_ID__a0a1ab73d3d64fb795bc2fea1eb9b568__SWAPS_8137", "ref_model": null, "tokenizer": "/root/autodl-tmp/data/result/merged_model/human_datamodel_counts_7000_ID__a0a1ab73d3d64fb795bc2fea1eb9b568__SWAPS_8137", "chat_template": null, "extra_results": {"alpacaeval-easy": 0.63, "alpacaeval-hard": 0.5263157894736842, "alpacaeval-length": 0.3473684210526316, "donotanswer": 0.6544117647058824, "hep-cpp": 0.5060975609756098, "hep-go": 0.4329268292682927, "hep-java": 0.5426829268292683, "hep-js": 0.5365853658536586, "hep-python": 0.5060975609756098, "hep-rust": 0.49390243902439024, "llmbar-adver-GPTInst": 0.5652173913043478, "llmbar-adver-GPTOut": 0.48936170212765956, "llmbar-adver-manual": 0.43478260869565216, "llmbar-adver-neighbor": 0.5895522388059702, "llmbar-natural": 0.48, "math-prm": 0.9082774049217002, "mt-bench-easy": 0.5714285714285714, "mt-bench-hard": 0.5405405405405406, "mt-bench-med": 0.65, "refusals-dangerous": 0.29, "refusals-offensive": 0.45, "xstest-should-refuse": 0.4025974025974026, "xstest-should-respond": 0.516}}