{"accuracy": 0.5085427135678392, "num_prompts": 2985, "model": "/root/autodl-tmp/data/result/merged_model/human_datamodel_counts_7000_ID__61dbcb0b0c454cad92a0952749e9fbac__SWAPS_2559", "ref_model": null, "tokenizer": "/root/autodl-tmp/data/result/merged_model/human_datamodel_counts_7000_ID__61dbcb0b0c454cad92a0952749e9fbac__SWAPS_2559", "chat_template": null, "extra_results": {"alpacaeval-easy": 0.35, "alpacaeval-hard": 0.30526315789473685, "alpacaeval-length": 0.3473684210526316, "donotanswer": 0.7205882352941176, "hep-cpp": 0.3902439024390244, "hep-go": 0.43902439024390244, "hep-java": 0.4573170731707317, "hep-js": 0.5, "hep-python": 0.3780487804878049, "hep-rust": 0.4451219512195122, "llmbar-adver-GPTInst": 0.6956521739130435, "llmbar-adver-GPTOut": 0.6808510638297872, "llmbar-adver-manual": 0.6739130434782609, "llmbar-adver-neighbor": 0.47761194029850745, "llmbar-natural": 0.43, "math-prm": 0.7293064876957495, "mt-bench-easy": 0.25, "mt-bench-hard": 0.5675675675675675, "mt-bench-med": 0.35, "refusals-dangerous": 0.77, "refusals-offensive": 0.74, "xstest-should-refuse": 0.6623376623376623, "xstest-should-respond": 0.16}}