{"accuracy": 0.5313232830820771, "num_prompts": 2985, "model": "/root/autodl-tmp/data/result/merged_model/human_datamodel_counts_7000_ID__78c7a6fcfd104fa8a6940655eba745e0__SWAPS_3184", "ref_model": null, "tokenizer": "/root/autodl-tmp/data/result/merged_model/human_datamodel_counts_7000_ID__78c7a6fcfd104fa8a6940655eba745e0__SWAPS_3184", "chat_template": null, "extra_results": {"alpacaeval-easy": 0.64, "alpacaeval-hard": 0.6, "alpacaeval-length": 0.49473684210526314, "donotanswer": 0.6838235294117647, "hep-cpp": 0.5, "hep-go": 0.47560975609756095, "hep-java": 0.524390243902439, "hep-js": 0.4817073170731707, "hep-python": 0.5548780487804879, "hep-rust": 0.524390243902439, "llmbar-adver-GPTInst": 0.5217391304347826, "llmbar-adver-GPTOut": 0.6595744680851063, "llmbar-adver-manual": 0.391304347826087, "llmbar-adver-neighbor": 0.417910447761194, "llmbar-natural": 0.49, "math-prm": 0.5011185682326622, "mt-bench-easy": 0.42857142857142855, "mt-bench-hard": 0.5945945945945946, "mt-bench-med": 0.525, "refusals-dangerous": 0.53, "refusals-offensive": 0.55, "xstest-should-refuse": 0.8246753246753247, "xstest-should-respond": 0.428}}