{"accuracy": 0.4649916247906198, "num_prompts": 2985, "model": "/root/autodl-tmp/data/result/merged_model/human_datamodel_counts_7000_ID__4ca587245de34b05b862e7b31a0f99f7__SWAPS_5319", "ref_model": null, "tokenizer": "/root/autodl-tmp/data/result/merged_model/human_datamodel_counts_7000_ID__4ca587245de34b05b862e7b31a0f99f7__SWAPS_5319", "chat_template": null, "extra_results": {"alpacaeval-easy": 0.36, "alpacaeval-hard": 0.6105263157894737, "alpacaeval-length": 0.5052631578947369, "donotanswer": 0.4485294117647059, "hep-cpp": 0.5426829268292683, "hep-go": 0.4146341463414634, "hep-java": 0.4146341463414634, "hep-js": 0.524390243902439, "hep-python": 0.45121951219512196, "hep-rust": 0.49390243902439024, "llmbar-adver-GPTInst": 0.5652173913043478, "llmbar-adver-GPTOut": 0.3404255319148936, "llmbar-adver-manual": 0.5652173913043478, "llmbar-adver-neighbor": 0.4626865671641791, "llmbar-natural": 0.47, "math-prm": 0.3243847874720358, "mt-bench-easy": 0.5714285714285714, "mt-bench-hard": 0.4864864864864865, "mt-bench-med": 0.6, "refusals-dangerous": 0.18, "refusals-offensive": 0.55, "xstest-should-refuse": 0.2792207792207792, "xstest-should-respond": 0.788}}