{"accuracy": 0.44187604690117255, "num_prompts": 2985, "model": "/root/autodl-tmp/data/result/merged_model/human_datamodel_counts_7000_ID__752aeb8767cb4ec9b5170f6d9a24318b__SWAPS_4463", "ref_model": null, "tokenizer": "/root/autodl-tmp/data/result/merged_model/human_datamodel_counts_7000_ID__752aeb8767cb4ec9b5170f6d9a24318b__SWAPS_4463", "chat_template": null, "extra_results": {"alpacaeval-easy": 0.63, "alpacaeval-hard": 0.6842105263157895, "alpacaeval-length": 0.631578947368421, "donotanswer": 0.25735294117647056, "hep-cpp": 0.42073170731707316, "hep-go": 0.5182926829268293, "hep-java": 0.4817073170731707, "hep-js": 0.4878048780487805, "hep-python": 0.4451219512195122, "hep-rust": 0.5365853658536586, "llmbar-adver-GPTInst": 0.30434782608695654, "llmbar-adver-GPTOut": 0.2978723404255319, "llmbar-adver-manual": 0.41304347826086957, "llmbar-adver-neighbor": 0.39552238805970147, "llmbar-natural": 0.54, "math-prm": 0.12527964205816555, "mt-bench-easy": 0.8214285714285714, "mt-bench-hard": 0.6216216216216216, "mt-bench-med": 0.675, "refusals-dangerous": 0.31, "refusals-offensive": 0.25, "xstest-should-refuse": 0.42207792207792205, "xstest-should-respond": 0.816}}