{"accuracy": 0.46365159128978223, "num_prompts": 2985, "model": "/root/autodl-tmp/data/result/merged_model/human_datamodel_counts_7000_ID__0fe660869ed64f0d9ce253cdc28b9e17__SWAPS_858", "ref_model": null, "tokenizer": "/root/autodl-tmp/data/result/merged_model/human_datamodel_counts_7000_ID__0fe660869ed64f0d9ce253cdc28b9e17__SWAPS_858", "chat_template": null, "extra_results": {"alpacaeval-easy": 0.48, "alpacaeval-hard": 0.5684210526315789, "alpacaeval-length": 0.5684210526315789, "donotanswer": 0.4485294117647059, "hep-cpp": 0.524390243902439, "hep-go": 0.5426829268292683, "hep-java": 0.524390243902439, "hep-js": 0.6097560975609756, "hep-python": 0.524390243902439, "hep-rust": 0.5670731707317073, "llmbar-adver-GPTInst": 0.3804347826086957, "llmbar-adver-GPTOut": 0.5106382978723404, "llmbar-adver-manual": 0.5, "llmbar-adver-neighbor": 0.5447761194029851, "llmbar-natural": 0.54, "math-prm": 0.13646532438478748, "mt-bench-easy": 0.6071428571428571, "mt-bench-hard": 0.40540540540540543, "mt-bench-med": 0.5, "refusals-dangerous": 0.52, "refusals-offensive": 0.39, "xstest-should-refuse": 0.6103896103896104, "xstest-should-respond": 0.48}}