{"accuracy": 0.5289782244556114, "num_prompts": 2985, "model": "/root/autodl-tmp/data/result/merged_model/human_datamodel_counts_7000_ID__f40e637582354805a089804bf2829cc4__SWAPS_6018", "ref_model": null, "tokenizer": "/root/autodl-tmp/data/result/merged_model/human_datamodel_counts_7000_ID__f40e637582354805a089804bf2829cc4__SWAPS_6018", "chat_template": null, "extra_results": {"alpacaeval-easy": 0.51, "alpacaeval-hard": 0.5473684210526316, "alpacaeval-length": 0.4105263157894737, "donotanswer": 0.4632352941176471, "hep-cpp": 0.5060975609756098, "hep-go": 0.5914634146341463, "hep-java": 0.4817073170731707, "hep-js": 0.5, "hep-python": 0.4695121951219512, "hep-rust": 0.47560975609756095, "llmbar-adver-GPTInst": 0.5652173913043478, "llmbar-adver-GPTOut": 0.46808510638297873, "llmbar-adver-manual": 0.5217391304347826, "llmbar-adver-neighbor": 0.4925373134328358, "llmbar-natural": 0.47, "math-prm": 0.5637583892617449, "mt-bench-easy": 0.42857142857142855, "mt-bench-hard": 0.5675675675675675, "mt-bench-med": 0.675, "refusals-dangerous": 0.72, "refusals-offensive": 0.43, "xstest-should-refuse": 0.8051948051948052, "xstest-should-respond": 0.464}}