{"accuracy": 0.6033500837520938, "num_prompts": 2985, "model": "/root/autodl-tmp/data/result/merged_model/human_datamodel_counts_7000_ID__51ca40d27ba64cecbef7ef94e46e21ee__SWAPS_1997", "ref_model": null, "tokenizer": "/root/autodl-tmp/data/result/merged_model/human_datamodel_counts_7000_ID__51ca40d27ba64cecbef7ef94e46e21ee__SWAPS_1997", "chat_template": null, "extra_results": {"alpacaeval-easy": 0.52, "alpacaeval-hard": 0.42105263157894735, "alpacaeval-length": 0.5368421052631579, "donotanswer": 0.38235294117647056, "hep-cpp": 0.5, "hep-go": 0.5182926829268293, "hep-java": 0.5, "hep-js": 0.5609756097560976, "hep-python": 0.5365853658536586, "hep-rust": 0.5304878048780488, "llmbar-adver-GPTInst": 0.5, "llmbar-adver-GPTOut": 0.425531914893617, "llmbar-adver-manual": 0.6521739130434783, "llmbar-adver-neighbor": 0.5223880597014925, "llmbar-natural": 0.58, "math-prm": 0.9217002237136466, "mt-bench-easy": 0.6428571428571429, "mt-bench-hard": 0.5405405405405406, "mt-bench-med": 0.475, "refusals-dangerous": 0.73, "refusals-offensive": 0.64, "xstest-should-refuse": 0.35714285714285715, "xstest-should-respond": 0.82}}