{"accuracy": 0.4358458961474037, "num_prompts": 2985, "model": "/root/autodl-tmp/data/result/merged_model/human_datamodel_counts_7000_ID__86e44c5eabbb47ffb7ee4157c8910490__SWAPS_5928", "ref_model": null, "tokenizer": "/root/autodl-tmp/data/result/merged_model/human_datamodel_counts_7000_ID__86e44c5eabbb47ffb7ee4157c8910490__SWAPS_5928", "chat_template": null, "extra_results": {"alpacaeval-easy": 0.41, "alpacaeval-hard": 0.22105263157894736, "alpacaeval-length": 0.6105263157894737, "donotanswer": 0.3235294117647059, "hep-cpp": 0.524390243902439, "hep-go": 0.5121951219512195, "hep-java": 0.5426829268292683, "hep-js": 0.5853658536585366, "hep-python": 0.5670731707317073, "hep-rust": 0.5304878048780488, "llmbar-adver-GPTInst": 0.4673913043478261, "llmbar-adver-GPTOut": 0.2978723404255319, "llmbar-adver-manual": 0.5, "llmbar-adver-neighbor": 0.582089552238806, "llmbar-natural": 0.52, "math-prm": 0.18791946308724833, "mt-bench-easy": 0.5, "mt-bench-hard": 0.3783783783783784, "mt-bench-med": 0.525, "refusals-dangerous": 0.4, "refusals-offensive": 0.06, "xstest-should-refuse": 0.2012987012987013, "xstest-should-respond": 0.728}}