{"accuracy": 0.440536013400335, "num_prompts": 2985, "model": "/root/autodl-tmp/data/result/merged_model/human_datamodel_counts_7000_ID__660274e655bc4d6fba2663b45b58adb2__SWAPS_50", "ref_model": null, "tokenizer": "/root/autodl-tmp/data/result/merged_model/human_datamodel_counts_7000_ID__660274e655bc4d6fba2663b45b58adb2__SWAPS_50", "chat_template": null, "extra_results": {"alpacaeval-easy": 0.62, "alpacaeval-hard": 0.5368421052631579, "alpacaeval-length": 0.4842105263157895, "donotanswer": 0.3897058823529412, "hep-cpp": 0.4695121951219512, "hep-go": 0.5121951219512195, "hep-java": 0.4268292682926829, "hep-js": 0.5121951219512195, "hep-python": 0.5121951219512195, "hep-rust": 0.4695121951219512, "llmbar-adver-GPTInst": 0.43478260869565216, "llmbar-adver-GPTOut": 0.3829787234042553, "llmbar-adver-manual": 0.43478260869565216, "llmbar-adver-neighbor": 0.5149253731343284, "llmbar-natural": 0.58, "math-prm": 0.3378076062639821, "mt-bench-easy": 0.5, "mt-bench-hard": 0.32432432432432434, "mt-bench-med": 0.6, "refusals-dangerous": 0.11, "refusals-offensive": 0.11, "xstest-should-refuse": 0.4675324675324675, "xstest-should-respond": 0.508}}