{"accuracy": 0.4921273031825796, "num_prompts": 2985, "model": "/root/autodl-tmp/data/result/merged_model/human_datamodel_counts_7000_ID__f5448aed65e640d58ceae029a3c7f57e__SWAPS_9602", "ref_model": null, "tokenizer": "/root/autodl-tmp/data/result/merged_model/human_datamodel_counts_7000_ID__f5448aed65e640d58ceae029a3c7f57e__SWAPS_9602", "chat_template": null, "extra_results": {"alpacaeval-easy": 0.4, "alpacaeval-hard": 0.5052631578947369, "alpacaeval-length": 0.4105263157894737, "donotanswer": 0.5955882352941176, "hep-cpp": 0.47560975609756095, "hep-go": 0.4329268292682927, "hep-java": 0.43902439024390244, "hep-js": 0.5, "hep-python": 0.4573170731707317, "hep-rust": 0.5304878048780488, "llmbar-adver-GPTInst": 0.5760869565217391, "llmbar-adver-GPTOut": 0.5319148936170213, "llmbar-adver-manual": 0.5652173913043478, "llmbar-adver-neighbor": 0.5298507462686567, "llmbar-natural": 0.55, "math-prm": 0.5369127516778524, "mt-bench-easy": 0.42857142857142855, "mt-bench-hard": 0.6216216216216216, "mt-bench-med": 0.525, "refusals-dangerous": 0.33, "refusals-offensive": 0.39, "xstest-should-refuse": 0.37012987012987014, "xstest-should-respond": 0.564}}