{"accuracy": 0.5876046901172529, "num_prompts": 2985, "model": "/root/autodl-tmp/data/result/merged_model/human_datamodel_counts_7000_ID__266a144eb79744f6aefd250bbb127d0a__SWAPS_8003", "ref_model": null, "tokenizer": "/root/autodl-tmp/data/result/merged_model/human_datamodel_counts_7000_ID__266a144eb79744f6aefd250bbb127d0a__SWAPS_8003", "chat_template": null, "extra_results": {"alpacaeval-easy": 0.82, "alpacaeval-hard": 0.9157894736842105, "alpacaeval-length": 0.7157894736842105, "donotanswer": 0.3897058823529412, "hep-cpp": 0.5365853658536586, "hep-go": 0.49390243902439024, "hep-java": 0.47560975609756095, "hep-js": 0.5, "hep-python": 0.5304878048780488, "hep-rust": 0.5487804878048781, "llmbar-adver-GPTInst": 0.21739130434782608, "llmbar-adver-GPTOut": 0.5319148936170213, "llmbar-adver-manual": 0.391304347826087, "llmbar-adver-neighbor": 0.35074626865671643, "llmbar-natural": 0.63, "math-prm": 0.738255033557047, "mt-bench-easy": 0.6071428571428571, "mt-bench-hard": 0.5675675675675675, "mt-bench-med": 0.65, "refusals-dangerous": 0.75, "refusals-offensive": 0.72, "xstest-should-refuse": 0.512987012987013, "xstest-should-respond": 0.66}}