{"accuracy": 0.5618090452261306, "num_prompts": 2985, "model": "/root/autodl-tmp/data/result/merged_model/human_datamodel_counts_7000_ID__b22543b83a834893b0b3605bcfd367e9__SWAPS_1906", "ref_model": null, "tokenizer": "/root/autodl-tmp/data/result/merged_model/human_datamodel_counts_7000_ID__b22543b83a834893b0b3605bcfd367e9__SWAPS_1906", "chat_template": null, "extra_results": {"alpacaeval-easy": 0.64, "alpacaeval-hard": 0.5052631578947369, "alpacaeval-length": 0.6, "donotanswer": 0.5588235294117647, "hep-cpp": 0.5060975609756098, "hep-go": 0.5121951219512195, "hep-java": 0.5060975609756098, "hep-js": 0.5609756097560976, "hep-python": 0.524390243902439, "hep-rust": 0.5487804878048781, "llmbar-adver-GPTInst": 0.5652173913043478, "llmbar-adver-GPTOut": 0.5957446808510638, "llmbar-adver-manual": 0.5434782608695652, "llmbar-adver-neighbor": 0.6119402985074627, "llmbar-natural": 0.57, "math-prm": 0.7897091722595079, "mt-bench-easy": 0.5, "mt-bench-hard": 0.6216216216216216, "mt-bench-med": 0.4, "refusals-dangerous": 0.35, "refusals-offensive": 0.41, "xstest-should-refuse": 0.42207792207792205, "xstest-should-respond": 0.492}}