{"accuracy": 0.45896147403685095, "num_prompts": 2985, "model": "/root/autodl-tmp/data/result/merged_model/human_datamodel_counts_7000_ID__b4bf0d385b0240cabb120aaad0f09f43__SWAPS_2893", "ref_model": null, "tokenizer": "/root/autodl-tmp/data/result/merged_model/human_datamodel_counts_7000_ID__b4bf0d385b0240cabb120aaad0f09f43__SWAPS_2893", "chat_template": null, "extra_results": {"alpacaeval-easy": 0.41, "alpacaeval-hard": 0.14736842105263157, "alpacaeval-length": 0.29473684210526313, "donotanswer": 0.5735294117647058, "hep-cpp": 0.524390243902439, "hep-go": 0.5304878048780488, "hep-java": 0.5060975609756098, "hep-js": 0.49390243902439024, "hep-python": 0.4146341463414634, "hep-rust": 0.49390243902439024, "llmbar-adver-GPTInst": 0.5217391304347826, "llmbar-adver-GPTOut": 0.48936170212765956, "llmbar-adver-manual": 0.5, "llmbar-adver-neighbor": 0.5373134328358209, "llmbar-natural": 0.41, "math-prm": 0.6756152125279642, "mt-bench-easy": 0.32142857142857145, "mt-bench-hard": 0.5405405405405406, "mt-bench-med": 0.375, "refusals-dangerous": 0.28, "refusals-offensive": 0.16, "xstest-should-refuse": 0.2662337662337662, "xstest-should-respond": 0.34}}