{"accuracy": 0.5524288107202681, "num_prompts": 2985, "model": "/root/autodl-tmp/data/result/merged_model/human_datamodel_counts_7000_ID__055e91677d7d41aa990440ebc5e13f75__SWAPS_5709", "ref_model": null, "tokenizer": "/root/autodl-tmp/data/result/merged_model/human_datamodel_counts_7000_ID__055e91677d7d41aa990440ebc5e13f75__SWAPS_5709", "chat_template": null, "extra_results": {"alpacaeval-easy": 0.37, "alpacaeval-hard": 0.37894736842105264, "alpacaeval-length": 0.3263157894736842, "donotanswer": 0.5882352941176471, "hep-cpp": 0.5121951219512195, "hep-go": 0.5182926829268293, "hep-java": 0.49390243902439024, "hep-js": 0.5487804878048781, "hep-python": 0.5121951219512195, "hep-rust": 0.5121951219512195, "llmbar-adver-GPTInst": 0.75, "llmbar-adver-GPTOut": 0.44680851063829785, "llmbar-adver-manual": 0.41304347826086957, "llmbar-adver-neighbor": 0.4701492537313433, "llmbar-natural": 0.56, "math-prm": 0.9485458612975392, "mt-bench-easy": 0.2857142857142857, "mt-bench-hard": 0.4864864864864865, "mt-bench-med": 0.5, "refusals-dangerous": 0.23, "refusals-offensive": 0.46, "xstest-should-refuse": 0.5324675324675324, "xstest-should-respond": 0.432}}