{"accuracy": 0.5350083752093803, "num_prompts": 2985, "model": "/root/autodl-tmp/data/result/merged_model/human_datamodel_counts_7000_ID__7145a3d2cb0c4d50907a447bb9c9370b__SWAPS_6939/model8280", "ref_model": null, "tokenizer": "/root/autodl-tmp/data/result/merged_model/human_datamodel_counts_7000_ID__7145a3d2cb0c4d50907a447bb9c9370b__SWAPS_6939/model8280", "chat_template": null, "extra_results": {"alpacaeval-easy": 0.34, "alpacaeval-hard": 0.5684210526315789, "alpacaeval-length": 0.4105263157894737, "donotanswer": 0.3235294117647059, "hep-cpp": 0.5670731707317073, "hep-go": 0.4817073170731707, "hep-java": 0.5182926829268293, "hep-js": 0.40853658536585363, "hep-python": 0.5060975609756098, "hep-rust": 0.5, "llmbar-adver-GPTInst": 0.5978260869565217, "llmbar-adver-GPTOut": 0.46808510638297873, "llmbar-adver-manual": 0.5217391304347826, "llmbar-adver-neighbor": 0.5671641791044776, "llmbar-natural": 0.53, "math-prm": 0.6465324384787472, "mt-bench-easy": 0.4642857142857143, "mt-bench-hard": 0.5945945945945946, "mt-bench-med": 0.575, "refusals-dangerous": 0.51, "refusals-offensive": 0.9, "xstest-should-refuse": 0.38311688311688313, "xstest-should-respond": 0.64}}