{"accuracy": 0.5333333333333333, "num_prompts": 2985, "model": "/root/autodl-tmp/data/result/merged_model/human_datamodel_counts_7000_ID__7145a3d2cb0c4d50907a447bb9c9370b__SWAPS_6939/model9864", "ref_model": null, "tokenizer": "/root/autodl-tmp/data/result/merged_model/human_datamodel_counts_7000_ID__7145a3d2cb0c4d50907a447bb9c9370b__SWAPS_6939/model9864", "chat_template": null, "extra_results": {"alpacaeval-easy": 0.21, "alpacaeval-hard": 0.28421052631578947, "alpacaeval-length": 0.4842105263157895, "donotanswer": 0.7352941176470589, "hep-cpp": 0.4634146341463415, "hep-go": 0.5121951219512195, "hep-java": 0.5548780487804879, "hep-js": 0.5060975609756098, "hep-python": 0.5, "hep-rust": 0.4878048780487805, "llmbar-adver-GPTInst": 0.6956521739130435, "llmbar-adver-GPTOut": 0.5319148936170213, "llmbar-adver-manual": 0.5217391304347826, "llmbar-adver-neighbor": 0.664179104477612, "llmbar-natural": 0.42, "math-prm": 0.7762863534675615, "mt-bench-easy": 0.32142857142857145, "mt-bench-hard": 0.5945945945945946, "mt-bench-med": 0.35, "refusals-dangerous": 0.61, "refusals-offensive": 0.73, "xstest-should-refuse": 0.5324675324675324, "xstest-should-respond": 0.2}}