{"accuracy": 0.4626465661641541, "num_prompts": 2985, "model": "/root/autodl-tmp/data/result/merged_model/human_datamodel_counts_7000_ID__7145a3d2cb0c4d50907a447bb9c9370b__SWAPS_6939/model3812", "ref_model": null, "tokenizer": "/root/autodl-tmp/data/result/merged_model/human_datamodel_counts_7000_ID__7145a3d2cb0c4d50907a447bb9c9370b__SWAPS_6939/model3812", "chat_template": null, "extra_results": {"alpacaeval-easy": 0.28, "alpacaeval-hard": 0.28421052631578947, "alpacaeval-length": 0.28421052631578947, "donotanswer": 0.6691176470588235, "hep-cpp": 0.524390243902439, "hep-go": 0.4024390243902439, "hep-java": 0.49390243902439024, "hep-js": 0.4268292682926829, "hep-python": 0.4146341463414634, "hep-rust": 0.4329268292682927, "llmbar-adver-GPTInst": 0.7391304347826086, "llmbar-adver-GPTOut": 0.7021276595744681, "llmbar-adver-manual": 0.5652173913043478, "llmbar-adver-neighbor": 0.5298507462686567, "llmbar-natural": 0.43, "math-prm": 0.6040268456375839, "mt-bench-easy": 0.14285714285714285, "mt-bench-hard": 0.5675675675675675, "mt-bench-med": 0.4, "refusals-dangerous": 0.4, "refusals-offensive": 0.39, "xstest-should-refuse": 0.461038961038961, "xstest-should-respond": 0.256}}