{
    "epoch": 3.0,
    "total_flos": 1.7461692203257037e+17,
    "train_loss": 0.9711870625813802,
    "train_runtime": 2705.8411,
    "train_samples_per_second": 1.109,
    "train_steps_per_second": 0.139
}