{"accuracy": 0.5192629815745393, "num_prompts": 2985, "model": "/root/autodl-tmp/data/result/merged_model/human_datamodel_counts_7000_ID__061d6af8d4844dd798ee3456c97cba8e__SWAPS_2954/model3812", "ref_model": null, "tokenizer": "/root/autodl-tmp/data/result/merged_model/human_datamodel_counts_7000_ID__061d6af8d4844dd798ee3456c97cba8e__SWAPS_2954/model3812", "chat_template": null, "extra_results": {"alpacaeval-easy": 0.66, "alpacaeval-hard": 0.6421052631578947, "alpacaeval-length": 0.5368421052631579, "donotanswer": 0.5808823529411765, "hep-cpp": 0.42073170731707316, "hep-go": 0.5182926829268293, "hep-java": 0.49390243902439024, "hep-js": 0.5121951219512195, "hep-python": 0.5426829268292683, "hep-rust": 0.5487804878048781, "llmbar-adver-GPTInst": 0.30434782608695654, "llmbar-adver-GPTOut": 0.3617021276595745, "llmbar-adver-manual": 0.3695652173913043, "llmbar-adver-neighbor": 0.4253731343283582, "llmbar-natural": 0.63, "math-prm": 0.28187919463087246, "mt-bench-easy": 0.7857142857142857, "mt-bench-hard": 0.6216216216216216, "mt-bench-med": 0.525, "refusals-dangerous": 0.74, "refusals-offensive": 0.85, "xstest-should-refuse": 0.6688311688311688, "xstest-should-respond": 0.636}}