{"accuracy": 0.43651591289782243, "num_prompts": 2985, "model": "/root/autodl-tmp/data/result/merged_model/human_datamodel_counts_7000_ID__061d6af8d4844dd798ee3456c97cba8e__SWAPS_2954/model8280", "ref_model": null, "tokenizer": "/root/autodl-tmp/data/result/merged_model/human_datamodel_counts_7000_ID__061d6af8d4844dd798ee3456c97cba8e__SWAPS_2954/model8280", "chat_template": null, "extra_results": {"alpacaeval-easy": 0.46, "alpacaeval-hard": 0.49473684210526314, "alpacaeval-length": 0.3157894736842105, "donotanswer": 0.6176470588235294, "hep-cpp": 0.4817073170731707, "hep-go": 0.45121951219512196, "hep-java": 0.5304878048780488, "hep-js": 0.4634146341463415, "hep-python": 0.5121951219512195, "hep-rust": 0.5060975609756098, "llmbar-adver-GPTInst": 0.6521739130434783, "llmbar-adver-GPTOut": 0.48936170212765956, "llmbar-adver-manual": 0.5217391304347826, "llmbar-adver-neighbor": 0.5074626865671642, "llmbar-natural": 0.3, "math-prm": 0.4429530201342282, "mt-bench-easy": 0.25, "mt-bench-hard": 0.5135135135135135, "mt-bench-med": 0.475, "refusals-dangerous": 0.23, "refusals-offensive": 0.24, "xstest-should-refuse": 0.6103896103896104, "xstest-should-respond": 0.096}}