{"accuracy": 0.46365159128978223, "num_prompts": 2985, "model": "/root/autodl-tmp/data/result/merged_model/human_datamodel_counts_7000_ID__061d6af8d4844dd798ee3456c97cba8e__SWAPS_2954/model9864", "ref_model": null, "tokenizer": "/root/autodl-tmp/data/result/merged_model/human_datamodel_counts_7000_ID__061d6af8d4844dd798ee3456c97cba8e__SWAPS_2954/model9864", "chat_template": null, "extra_results": {"alpacaeval-easy": 0.47, "alpacaeval-hard": 0.3684210526315789, "alpacaeval-length": 0.5473684210526316, "donotanswer": 0.41911764705882354, "hep-cpp": 0.45121951219512196, "hep-go": 0.5609756097560976, "hep-java": 0.49390243902439024, "hep-js": 0.5670731707317073, "hep-python": 0.5975609756097561, "hep-rust": 0.5609756097560976, "llmbar-adver-GPTInst": 0.6304347826086957, "llmbar-adver-GPTOut": 0.40425531914893614, "llmbar-adver-manual": 0.6521739130434783, "llmbar-adver-neighbor": 0.5597014925373134, "llmbar-natural": 0.44, "math-prm": 0.1297539149888143, "mt-bench-easy": 0.42857142857142855, "mt-bench-hard": 0.43243243243243246, "mt-bench-med": 0.45, "refusals-dangerous": 0.72, "refusals-offensive": 0.14, "xstest-should-refuse": 0.4025974025974026, "xstest-should-respond": 0.74}}