{"accuracy": 0.48911222780569513, "num_prompts": 2985, "model": "/root/autodl-tmp/data/result/merged_model/human_datamodel_counts_7000_ID__1da2262fe5734964b9f114d12f11e2a9__SWAPS_8703/model8280", "ref_model": null, "tokenizer": "/root/autodl-tmp/data/result/merged_model/human_datamodel_counts_7000_ID__1da2262fe5734964b9f114d12f11e2a9__SWAPS_8703/model8280", "chat_template": null, "extra_results": {"alpacaeval-easy": 0.55, "alpacaeval-hard": 0.5578947368421052, "alpacaeval-length": 0.6947368421052632, "donotanswer": 0.3235294117647059, "hep-cpp": 0.5487804878048781, "hep-go": 0.4878048780487805, "hep-java": 0.5060975609756098, "hep-js": 0.49390243902439024, "hep-python": 0.5121951219512195, "hep-rust": 0.5487804878048781, "llmbar-adver-GPTInst": 0.22826086956521738, "llmbar-adver-GPTOut": 0.2978723404255319, "llmbar-adver-manual": 0.34782608695652173, "llmbar-adver-neighbor": 0.4626865671641791, "llmbar-natural": 0.52, "math-prm": 0.40268456375838924, "mt-bench-easy": 0.7857142857142857, "mt-bench-hard": 0.4864864864864865, "mt-bench-med": 0.55, "refusals-dangerous": 0.46, "refusals-offensive": 0.23, "xstest-should-refuse": 0.4090909090909091, "xstest-should-respond": 0.78}}