{"accuracy": 0.5591289782244556, "num_prompts": 2985, "model": "/root/autodl-tmp/data/result/merged_model/human_datamodel_counts_7000_ID__1da2262fe5734964b9f114d12f11e2a9__SWAPS_8703/model9864", "ref_model": null, "tokenizer": "/root/autodl-tmp/data/result/merged_model/human_datamodel_counts_7000_ID__1da2262fe5734964b9f114d12f11e2a9__SWAPS_8703/model9864", "chat_template": null, "extra_results": {"alpacaeval-easy": 0.41, "alpacaeval-hard": 0.4105263157894737, "alpacaeval-length": 0.5894736842105263, "donotanswer": 0.47794117647058826, "hep-cpp": 0.5975609756097561, "hep-go": 0.4817073170731707, "hep-java": 0.524390243902439, "hep-js": 0.5304878048780488, "hep-python": 0.5548780487804879, "hep-rust": 0.5548780487804879, "llmbar-adver-GPTInst": 0.40217391304347827, "llmbar-adver-GPTOut": 0.425531914893617, "llmbar-adver-manual": 0.5217391304347826, "llmbar-adver-neighbor": 0.44776119402985076, "llmbar-natural": 0.54, "math-prm": 0.9485458612975392, "mt-bench-easy": 0.5, "mt-bench-hard": 0.4864864864864865, "mt-bench-med": 0.45, "refusals-dangerous": 0.22, "refusals-offensive": 0.06, "xstest-should-refuse": 0.2077922077922078, "xstest-should-respond": 0.828}}