{"accuracy": 0.5035175879396985, "num_prompts": 2985, "model": "/root/autodl-tmp/data/result/merged_model/human_datamodel_counts_7000_ID__1da2262fe5734964b9f114d12f11e2a9__SWAPS_8703/model3812", "ref_model": null, "tokenizer": "/root/autodl-tmp/data/result/merged_model/human_datamodel_counts_7000_ID__1da2262fe5734964b9f114d12f11e2a9__SWAPS_8703/model3812", "chat_template": null, "extra_results": {"alpacaeval-easy": 0.4, "alpacaeval-hard": 0.5473684210526316, "alpacaeval-length": 0.4421052631578947, "donotanswer": 0.4117647058823529, "hep-cpp": 0.5304878048780488, "hep-go": 0.5548780487804879, "hep-java": 0.4878048780487805, "hep-js": 0.4878048780487805, "hep-python": 0.573170731707317, "hep-rust": 0.47560975609756095, "llmbar-adver-GPTInst": 0.5108695652173914, "llmbar-adver-GPTOut": 0.48936170212765956, "llmbar-adver-manual": 0.45652173913043476, "llmbar-adver-neighbor": 0.5373134328358209, "llmbar-natural": 0.56, "math-prm": 0.5771812080536913, "mt-bench-easy": 0.35714285714285715, "mt-bench-hard": 0.5675675675675675, "mt-bench-med": 0.425, "refusals-dangerous": 0.27, "refusals-offensive": 0.25, "xstest-should-refuse": 0.474025974025974, "xstest-should-respond": 0.612}}