{"accuracy": 0.40569514237855947, "num_prompts": 2985, "model": "/root/autodl-tmp/data/result/merged_model/human_datamodel_counts_7000_ID__2f314fa1b74641aa867ef11785b4a0d4__SWAPS_1962/model3812", "ref_model": null, "tokenizer": "/root/autodl-tmp/data/result/merged_model/human_datamodel_counts_7000_ID__2f314fa1b74641aa867ef11785b4a0d4__SWAPS_1962/model3812", "chat_template": null, "extra_results": {"alpacaeval-easy": 0.29, "alpacaeval-hard": 0.5473684210526316, "alpacaeval-length": 0.5473684210526316, "donotanswer": 0.29411764705882354, "hep-cpp": 0.4695121951219512, "hep-go": 0.4634146341463415, "hep-java": 0.5, "hep-js": 0.5182926829268293, "hep-python": 0.3902439024390244, "hep-rust": 0.4268292682926829, "llmbar-adver-GPTInst": 0.5869565217391305, "llmbar-adver-GPTOut": 0.48936170212765956, "llmbar-adver-manual": 0.5, "llmbar-adver-neighbor": 0.6268656716417911, "llmbar-natural": 0.44, "math-prm": 0.12080536912751678, "mt-bench-easy": 0.6428571428571429, "mt-bench-hard": 0.32432432432432434, "mt-bench-med": 0.6, "refusals-dangerous": 0.42, "refusals-offensive": 0.24, "xstest-should-refuse": 0.35064935064935066, "xstest-should-respond": 0.512}}