{"accuracy": 0.5507537688442211, "num_prompts": 2985, "model": "/root/autodl-tmp/data/result/merged_model/human_datamodel_counts_7000_ID__2f314fa1b74641aa867ef11785b4a0d4__SWAPS_1962/model8280", "ref_model": null, "tokenizer": "/root/autodl-tmp/data/result/merged_model/human_datamodel_counts_7000_ID__2f314fa1b74641aa867ef11785b4a0d4__SWAPS_1962/model8280", "chat_template": null, "extra_results": {"alpacaeval-easy": 0.44, "alpacaeval-hard": 0.5157894736842106, "alpacaeval-length": 0.4631578947368421, "donotanswer": 0.6397058823529411, "hep-cpp": 0.5060975609756098, "hep-go": 0.4634146341463415, "hep-java": 0.5365853658536586, "hep-js": 0.5426829268292683, "hep-python": 0.4451219512195122, "hep-rust": 0.5487804878048781, "llmbar-adver-GPTInst": 0.532608695652174, "llmbar-adver-GPTOut": 0.5957446808510638, "llmbar-adver-manual": 0.6304347826086957, "llmbar-adver-neighbor": 0.5597014925373134, "llmbar-natural": 0.55, "math-prm": 0.5346756152125279, "mt-bench-easy": 0.7142857142857143, "mt-bench-hard": 0.4864864864864865, "mt-bench-med": 0.55, "refusals-dangerous": 0.87, "refusals-offensive": 0.78, "xstest-should-refuse": 0.7012987012987013, "xstest-should-respond": 0.452}}