{"accuracy": 0.5363484087102177, "num_prompts": 2985, "model": "/root/autodl-tmp/data/result/merged_model/human_datamodel_counts_7000_ID__2f314fa1b74641aa867ef11785b4a0d4__SWAPS_1962/model9864", "ref_model": null, "tokenizer": "/root/autodl-tmp/data/result/merged_model/human_datamodel_counts_7000_ID__2f314fa1b74641aa867ef11785b4a0d4__SWAPS_1962/model9864", "chat_template": null, "extra_results": {"alpacaeval-easy": 0.39, "alpacaeval-hard": 0.35789473684210527, "alpacaeval-length": 0.4, "donotanswer": 0.6397058823529411, "hep-cpp": 0.4573170731707317, "hep-go": 0.40853658536585363, "hep-java": 0.4451219512195122, "hep-js": 0.5487804878048781, "hep-python": 0.4695121951219512, "hep-rust": 0.42073170731707316, "llmbar-adver-GPTInst": 0.5760869565217391, "llmbar-adver-GPTOut": 0.425531914893617, "llmbar-adver-manual": 0.41304347826086957, "llmbar-adver-neighbor": 0.44776119402985076, "llmbar-natural": 0.41, "math-prm": 0.8993288590604027, "mt-bench-easy": 0.42857142857142855, "mt-bench-hard": 0.3783783783783784, "mt-bench-med": 0.475, "refusals-dangerous": 0.73, "refusals-offensive": 0.54, "xstest-should-refuse": 0.6103896103896104, "xstest-should-respond": 0.364}}