{"accuracy": 0.4847571189279732, "num_prompts": 2985, "model": "/root/autodl-tmp/data/result/merged_model/human_datamodel_counts_7000_ID__ce73a1a5cb62445a9ecbe450d4baf67f__SWAPS_7601/model9864", "ref_model": null, "tokenizer": "/root/autodl-tmp/data/result/merged_model/human_datamodel_counts_7000_ID__ce73a1a5cb62445a9ecbe450d4baf67f__SWAPS_7601/model9864", "chat_template": null, "extra_results": {"alpacaeval-easy": 0.46, "alpacaeval-hard": 0.4105263157894737, "alpacaeval-length": 0.3894736842105263, "donotanswer": 0.5661764705882353, "hep-cpp": 0.5060975609756098, "hep-go": 0.5487804878048781, "hep-java": 0.3780487804878049, "hep-js": 0.4817073170731707, "hep-python": 0.6036585365853658, "hep-rust": 0.5609756097560976, "llmbar-adver-GPTInst": 0.5108695652173914, "llmbar-adver-GPTOut": 0.5106382978723404, "llmbar-adver-manual": 0.6739130434782609, "llmbar-adver-neighbor": 0.5, "llmbar-natural": 0.62, "math-prm": 0.2751677852348993, "mt-bench-easy": 0.5714285714285714, "mt-bench-hard": 0.5945945945945946, "mt-bench-med": 0.5, "refusals-dangerous": 0.87, "refusals-offensive": 0.75, "xstest-should-refuse": 0.525974025974026, "xstest-should-respond": 0.352}}