{"accuracy": 0.5209380234505863, "num_prompts": 2985, "model": "/root/autodl-tmp/data/result/merged_model/human_datamodel_counts_7000_ID__ce73a1a5cb62445a9ecbe450d4baf67f__SWAPS_7601/model8280", "ref_model": null, "tokenizer": "/root/autodl-tmp/data/result/merged_model/human_datamodel_counts_7000_ID__ce73a1a5cb62445a9ecbe450d4baf67f__SWAPS_7601/model8280", "chat_template": null, "extra_results": {"alpacaeval-easy": 0.74, "alpacaeval-hard": 0.631578947368421, "alpacaeval-length": 0.6421052631578947, "donotanswer": 0.29411764705882354, "hep-cpp": 0.5182926829268293, "hep-go": 0.5426829268292683, "hep-java": 0.4817073170731707, "hep-js": 0.5609756097560976, "hep-python": 0.49390243902439024, "hep-rust": 0.5365853658536586, "llmbar-adver-GPTInst": 0.2826086956521739, "llmbar-adver-GPTOut": 0.3191489361702128, "llmbar-adver-manual": 0.391304347826087, "llmbar-adver-neighbor": 0.5223880597014925, "llmbar-natural": 0.51, "math-prm": 0.6554809843400448, "mt-bench-easy": 0.5357142857142857, "mt-bench-hard": 0.5135135135135135, "mt-bench-med": 0.425, "refusals-dangerous": 0.11, "refusals-offensive": 0.12, "xstest-should-refuse": 0.2922077922077922, "xstest-should-respond": 0.856}}