{"accuracy": 0.5252931323283082, "num_prompts": 2985, "model": "/root/autodl-tmp/data/result/merged_model/human_datamodel_counts_7000_ID__ce73a1a5cb62445a9ecbe450d4baf67f__SWAPS_7601/model3812", "ref_model": null, "tokenizer": "/root/autodl-tmp/data/result/merged_model/human_datamodel_counts_7000_ID__ce73a1a5cb62445a9ecbe450d4baf67f__SWAPS_7601/model3812", "chat_template": null, "extra_results": {"alpacaeval-easy": 0.72, "alpacaeval-hard": 0.7052631578947368, "alpacaeval-length": 0.4631578947368421, "donotanswer": 0.5661764705882353, "hep-cpp": 0.5365853658536586, "hep-go": 0.5487804878048781, "hep-java": 0.5182926829268293, "hep-js": 0.5792682926829268, "hep-python": 0.5304878048780488, "hep-rust": 0.5914634146341463, "llmbar-adver-GPTInst": 0.44565217391304346, "llmbar-adver-GPTOut": 0.46808510638297873, "llmbar-adver-manual": 0.43478260869565216, "llmbar-adver-neighbor": 0.4253731343283582, "llmbar-natural": 0.48, "math-prm": 0.5302013422818792, "mt-bench-easy": 0.42857142857142855, "mt-bench-hard": 0.5675675675675675, "mt-bench-med": 0.6, "refusals-dangerous": 0.46, "refusals-offensive": 0.51, "xstest-should-refuse": 0.512987012987013, "xstest-should-respond": 0.432}}