{"accuracy": 0.4609715242881072, "num_prompts": 2985, "model": "/root/autodl-tmp/data/result/merged_model/human_datamodel_counts_7000_ID__d136efa90bf849c28d8013199f3b8d47__SWAPS_4640/model8280", "ref_model": null, "tokenizer": "/root/autodl-tmp/data/result/merged_model/human_datamodel_counts_7000_ID__d136efa90bf849c28d8013199f3b8d47__SWAPS_4640/model8280", "chat_template": null, "extra_results": {"alpacaeval-easy": 0.2, "alpacaeval-hard": 0.2631578947368421, "alpacaeval-length": 0.2736842105263158, "donotanswer": 0.6470588235294118, "hep-cpp": 0.4634146341463415, "hep-go": 0.5792682926829268, "hep-java": 0.5182926829268293, "hep-js": 0.49390243902439024, "hep-python": 0.5, "hep-rust": 0.39634146341463417, "llmbar-adver-GPTInst": 0.7065217391304348, "llmbar-adver-GPTOut": 0.5319148936170213, "llmbar-adver-manual": 0.5869565217391305, "llmbar-adver-neighbor": 0.4925373134328358, "llmbar-natural": 0.46, "math-prm": 0.4519015659955257, "mt-bench-easy": 0.5714285714285714, "mt-bench-hard": 0.5135135135135135, "mt-bench-med": 0.45, "refusals-dangerous": 0.32, "refusals-offensive": 0.39, "xstest-should-refuse": 0.42857142857142855, "xstest-should-respond": 0.448}}