{"accuracy": 0.4452261306532663, "num_prompts": 2985, "model": "/root/autodl-tmp/data/result/merged_model/human_datamodel_counts_7000_ID__d136efa90bf849c28d8013199f3b8d47__SWAPS_4640/model9864", "ref_model": null, "tokenizer": "/root/autodl-tmp/data/result/merged_model/human_datamodel_counts_7000_ID__d136efa90bf849c28d8013199f3b8d47__SWAPS_4640/model9864", "chat_template": null, "extra_results": {"alpacaeval-easy": 0.65, "alpacaeval-hard": 0.5263157894736842, "alpacaeval-length": 0.631578947368421, "donotanswer": 0.34558823529411764, "hep-cpp": 0.47560975609756095, "hep-go": 0.524390243902439, "hep-java": 0.4817073170731707, "hep-js": 0.573170731707317, "hep-python": 0.4878048780487805, "hep-rust": 0.5548780487804879, "llmbar-adver-GPTInst": 0.29347826086956524, "llmbar-adver-GPTOut": 0.40425531914893614, "llmbar-adver-manual": 0.391304347826087, "llmbar-adver-neighbor": 0.43283582089552236, "llmbar-natural": 0.55, "math-prm": 0.1319910514541387, "mt-bench-easy": 0.7142857142857143, "mt-bench-hard": 0.43243243243243246, "mt-bench-med": 0.65, "refusals-dangerous": 0.27, "refusals-offensive": 0.12, "xstest-should-refuse": 0.2792207792207792, "xstest-should-respond": 0.876}}