{"accuracy": 0.5467336683417086, "num_prompts": 2985, "model": "/root/autodl-tmp/data/result/merged_model/human_datamodel_counts_7000_ID__d136efa90bf849c28d8013199f3b8d47__SWAPS_4640/model3812", "ref_model": null, "tokenizer": "/root/autodl-tmp/data/result/merged_model/human_datamodel_counts_7000_ID__d136efa90bf849c28d8013199f3b8d47__SWAPS_4640/model3812", "chat_template": null, "extra_results": {"alpacaeval-easy": 0.46, "alpacaeval-hard": 0.4105263157894737, "alpacaeval-length": 0.47368421052631576, "donotanswer": 0.4117647058823529, "hep-cpp": 0.4451219512195122, "hep-go": 0.4878048780487805, "hep-java": 0.5609756097560976, "hep-js": 0.4878048780487805, "hep-python": 0.4024390243902439, "hep-rust": 0.49390243902439024, "llmbar-adver-GPTInst": 0.5978260869565217, "llmbar-adver-GPTOut": 0.46808510638297873, "llmbar-adver-manual": 0.5652173913043478, "llmbar-adver-neighbor": 0.44029850746268656, "llmbar-natural": 0.52, "math-prm": 0.9149888143176734, "mt-bench-easy": 0.5357142857142857, "mt-bench-hard": 0.40540540540540543, "mt-bench-med": 0.4, "refusals-dangerous": 0.38, "refusals-offensive": 0.51, "xstest-should-refuse": 0.5844155844155844, "xstest-should-respond": 0.504}}