{"accuracy": 0.5132328308207705, "num_prompts": 2985, "model": "/root/autodl-tmp/data/result/merged_model/human_datamodel_counts_7000_ID__77cc692d945442fa8b4cbebb7785e1bc__SWAPS_2098/model3812", "ref_model": null, "tokenizer": "/root/autodl-tmp/data/result/merged_model/human_datamodel_counts_7000_ID__77cc692d945442fa8b4cbebb7785e1bc__SWAPS_2098/model3812", "chat_template": null, "extra_results": {"alpacaeval-easy": 0.76, "alpacaeval-hard": 0.631578947368421, "alpacaeval-length": 0.6736842105263158, "donotanswer": 0.41911764705882354, "hep-cpp": 0.524390243902439, "hep-go": 0.5792682926829268, "hep-java": 0.5365853658536586, "hep-js": 0.5914634146341463, "hep-python": 0.5426829268292683, "hep-rust": 0.524390243902439, "llmbar-adver-GPTInst": 0.4782608695652174, "llmbar-adver-GPTOut": 0.3829787234042553, "llmbar-adver-manual": 0.45652173913043476, "llmbar-adver-neighbor": 0.6343283582089553, "llmbar-natural": 0.59, "math-prm": 0.2930648769574944, "mt-bench-easy": 0.6428571428571429, "mt-bench-hard": 0.3783783783783784, "mt-bench-med": 0.625, "refusals-dangerous": 0.32, "refusals-offensive": 0.42, "xstest-should-refuse": 0.4675324675324675, "xstest-should-respond": 0.692}}