{"accuracy": 0.5313232830820771, "num_prompts": 2985, "model": "/root/autodl-tmp/data/result/merged_model/human_datamodel_counts_7000_ID__77cc692d945442fa8b4cbebb7785e1bc__SWAPS_2098/model8280", "ref_model": null, "tokenizer": "/root/autodl-tmp/data/result/merged_model/human_datamodel_counts_7000_ID__77cc692d945442fa8b4cbebb7785e1bc__SWAPS_2098/model8280", "chat_template": null, "extra_results": {"alpacaeval-easy": 0.33, "alpacaeval-hard": 0.2, "alpacaeval-length": 0.45263157894736844, "donotanswer": 0.6176470588235294, "hep-cpp": 0.45121951219512196, "hep-go": 0.4268292682926829, "hep-java": 0.39634146341463417, "hep-js": 0.40853658536585363, "hep-python": 0.4146341463414634, "hep-rust": 0.5914634146341463, "llmbar-adver-GPTInst": 0.6086956521739131, "llmbar-adver-GPTOut": 0.574468085106383, "llmbar-adver-manual": 0.5434782608695652, "llmbar-adver-neighbor": 0.5447761194029851, "llmbar-natural": 0.4, "math-prm": 0.9753914988814317, "mt-bench-easy": 0.25, "mt-bench-hard": 0.5675675675675675, "mt-bench-med": 0.275, "refusals-dangerous": 0.47, "refusals-offensive": 0.54, "xstest-should-refuse": 0.512987012987013, "xstest-should-respond": 0.36}}