{"accuracy": 0.5487437185929648, "num_prompts": 2985, "model": "/root/autodl-tmp/data/result/merged_model/human_datamodel_counts_7000_ID__77cc692d945442fa8b4cbebb7785e1bc__SWAPS_2098/model9864", "ref_model": null, "tokenizer": "/root/autodl-tmp/data/result/merged_model/human_datamodel_counts_7000_ID__77cc692d945442fa8b4cbebb7785e1bc__SWAPS_2098/model9864", "chat_template": null, "extra_results": {"alpacaeval-easy": 0.85, "alpacaeval-hard": 0.8315789473684211, "alpacaeval-length": 0.631578947368421, "donotanswer": 0.5220588235294118, "hep-cpp": 0.45121951219512196, "hep-go": 0.5670731707317073, "hep-java": 0.573170731707317, "hep-js": 0.573170731707317, "hep-python": 0.5670731707317073, "hep-rust": 0.524390243902439, "llmbar-adver-GPTInst": 0.45652173913043476, "llmbar-adver-GPTOut": 0.425531914893617, "llmbar-adver-manual": 0.5217391304347826, "llmbar-adver-neighbor": 0.44776119402985076, "llmbar-natural": 0.58, "math-prm": 0.4250559284116331, "mt-bench-easy": 0.5357142857142857, "mt-bench-hard": 0.5675675675675675, "mt-bench-med": 0.7, "refusals-dangerous": 0.42, "refusals-offensive": 0.83, "xstest-should-refuse": 0.7792207792207793, "xstest-should-respond": 0.424}}