{"accuracy": 0.5336683417085427, "num_prompts": 2985, "model": "/root/autodl-tmp/data/result/merged_model/human_datamodel_counts_7000_ID__1af888f6cf6641d59877f10a37c49167__SWAPS_1457/model3812", "ref_model": null, "tokenizer": "/root/autodl-tmp/data/result/merged_model/human_datamodel_counts_7000_ID__1af888f6cf6641d59877f10a37c49167__SWAPS_1457/model3812", "chat_template": null, "extra_results": {"alpacaeval-easy": 0.36, "alpacaeval-hard": 0.5894736842105263, "alpacaeval-length": 0.3894736842105263, "donotanswer": 0.3602941176470588, "hep-cpp": 0.5487804878048781, "hep-go": 0.5365853658536586, "hep-java": 0.5365853658536586, "hep-js": 0.5426829268292683, "hep-python": 0.5426829268292683, "hep-rust": 0.4878048780487805, "llmbar-adver-GPTInst": 0.5978260869565217, "llmbar-adver-GPTOut": 0.48936170212765956, "llmbar-adver-manual": 0.5869565217391305, "llmbar-adver-neighbor": 0.41044776119402987, "llmbar-natural": 0.51, "math-prm": 0.7002237136465325, "mt-bench-easy": 0.21428571428571427, "mt-bench-hard": 0.4864864864864865, "mt-bench-med": 0.525, "refusals-dangerous": 0.38, "refusals-offensive": 0.4, "xstest-should-refuse": 0.42857142857142855, "xstest-should-respond": 0.712}}