{"accuracy": 0.5886097152428811, "num_prompts": 2985, "model": "/root/autodl-tmp/data/result/merged_model/human_datamodel_counts_7000_ID__1af888f6cf6641d59877f10a37c49167__SWAPS_1457/model9864", "ref_model": null, "tokenizer": "/root/autodl-tmp/data/result/merged_model/human_datamodel_counts_7000_ID__1af888f6cf6641d59877f10a37c49167__SWAPS_1457/model9864", "chat_template": null, "extra_results": {"alpacaeval-easy": 0.58, "alpacaeval-hard": 0.6631578947368421, "alpacaeval-length": 0.5052631578947369, "donotanswer": 0.7867647058823529, "hep-cpp": 0.5792682926829268, "hep-go": 0.5487804878048781, "hep-java": 0.5304878048780488, "hep-js": 0.5, "hep-python": 0.5182926829268293, "hep-rust": 0.5182926829268293, "llmbar-adver-GPTInst": 0.6086956521739131, "llmbar-adver-GPTOut": 0.425531914893617, "llmbar-adver-manual": 0.45652173913043476, "llmbar-adver-neighbor": 0.4626865671641791, "llmbar-natural": 0.46, "math-prm": 0.7203579418344519, "mt-bench-easy": 0.5357142857142857, "mt-bench-hard": 0.5405405405405406, "mt-bench-med": 0.725, "refusals-dangerous": 0.97, "refusals-offensive": 0.99, "xstest-should-refuse": 0.7922077922077922, "xstest-should-respond": 0.192}}