{"accuracy": 0.5128978224455611, "num_prompts": 2985, "model": "/root/autodl-tmp/data/result/merged_model/human_datamodel_counts_7000_ID__1af888f6cf6641d59877f10a37c49167__SWAPS_1457/model8280", "ref_model": null, "tokenizer": "/root/autodl-tmp/data/result/merged_model/human_datamodel_counts_7000_ID__1af888f6cf6641d59877f10a37c49167__SWAPS_1457/model8280", "chat_template": null, "extra_results": {"alpacaeval-easy": 0.59, "alpacaeval-hard": 0.4842105263157895, "alpacaeval-length": 0.6631578947368421, "donotanswer": 0.5220588235294118, "hep-cpp": 0.5, "hep-go": 0.5304878048780488, "hep-java": 0.49390243902439024, "hep-js": 0.5670731707317073, "hep-python": 0.49390243902439024, "hep-rust": 0.5365853658536586, "llmbar-adver-GPTInst": 0.358695652173913, "llmbar-adver-GPTOut": 0.3829787234042553, "llmbar-adver-manual": 0.391304347826087, "llmbar-adver-neighbor": 0.4925373134328358, "llmbar-natural": 0.49, "math-prm": 0.6621923937360179, "mt-bench-easy": 0.39285714285714285, "mt-bench-hard": 0.5135135135135135, "mt-bench-med": 0.525, "refusals-dangerous": 0.15, "refusals-offensive": 0.16, "xstest-should-refuse": 0.4090909090909091, "xstest-should-respond": 0.62}}