{"accuracy": 0.46867671691792295, "num_prompts": 2985, "model": "/root/autodl-tmp/data/result/merged_model/human_datamodel_counts_7000_ID__adb2fd6ff8314caa9cebff6b6a5bf64d__SWAPS_9554/model8280", "ref_model": null, "tokenizer": "/root/autodl-tmp/data/result/merged_model/human_datamodel_counts_7000_ID__adb2fd6ff8314caa9cebff6b6a5bf64d__SWAPS_9554/model8280", "chat_template": null, "extra_results": {"alpacaeval-easy": 0.51, "alpacaeval-hard": 0.4842105263157895, "alpacaeval-length": 0.6526315789473685, "donotanswer": 0.6323529411764706, "hep-cpp": 0.4878048780487805, "hep-go": 0.4817073170731707, "hep-java": 0.5304878048780488, "hep-js": 0.5426829268292683, "hep-python": 0.4878048780487805, "hep-rust": 0.5121951219512195, "llmbar-adver-GPTInst": 0.3804347826086957, "llmbar-adver-GPTOut": 0.3617021276595745, "llmbar-adver-manual": 0.5, "llmbar-adver-neighbor": 0.6044776119402985, "llmbar-natural": 0.55, "math-prm": 0.16554809843400448, "mt-bench-easy": 0.5357142857142857, "mt-bench-hard": 0.5135135135135135, "mt-bench-med": 0.55, "refusals-dangerous": 0.62, "refusals-offensive": 0.8, "xstest-should-refuse": 0.5974025974025974, "xstest-should-respond": 0.32}}