{"accuracy": 0.4576214405360134, "num_prompts": 2985, "model": "/root/autodl-tmp/data/result/merged_model/human_datamodel_counts_7000_ID__adb2fd6ff8314caa9cebff6b6a5bf64d__SWAPS_9554/model9864", "ref_model": null, "tokenizer": "/root/autodl-tmp/data/result/merged_model/human_datamodel_counts_7000_ID__adb2fd6ff8314caa9cebff6b6a5bf64d__SWAPS_9554/model9864", "chat_template": null, "extra_results": {"alpacaeval-easy": 0.45, "alpacaeval-hard": 0.5684210526315789, "alpacaeval-length": 0.5684210526315789, "donotanswer": 0.39705882352941174, "hep-cpp": 0.4878048780487805, "hep-go": 0.42073170731707316, "hep-java": 0.47560975609756095, "hep-js": 0.5060975609756098, "hep-python": 0.524390243902439, "hep-rust": 0.5121951219512195, "llmbar-adver-GPTInst": 0.5652173913043478, "llmbar-adver-GPTOut": 0.5106382978723404, "llmbar-adver-manual": 0.43478260869565216, "llmbar-adver-neighbor": 0.5, "llmbar-natural": 0.47, "math-prm": 0.33109619686800895, "mt-bench-easy": 0.5, "mt-bench-hard": 0.4594594594594595, "mt-bench-med": 0.4, "refusals-dangerous": 0.26, "refusals-offensive": 0.53, "xstest-should-refuse": 0.538961038961039, "xstest-should-respond": 0.448}}