{"accuracy": 0.5400335008375209, "num_prompts": 2985, "model": "/root/autodl-tmp/data/result/merged_model/human_datamodel_counts_7000_ID__adb2fd6ff8314caa9cebff6b6a5bf64d__SWAPS_9554/model3812", "ref_model": null, "tokenizer": "/root/autodl-tmp/data/result/merged_model/human_datamodel_counts_7000_ID__adb2fd6ff8314caa9cebff6b6a5bf64d__SWAPS_9554/model3812", "chat_template": null, "extra_results": {"alpacaeval-easy": 0.33, "alpacaeval-hard": 0.4842105263157895, "alpacaeval-length": 0.5263157894736842, "donotanswer": 0.5441176470588235, "hep-cpp": 0.5121951219512195, "hep-go": 0.4634146341463415, "hep-java": 0.49390243902439024, "hep-js": 0.4817073170731707, "hep-python": 0.45121951219512196, "hep-rust": 0.47560975609756095, "llmbar-adver-GPTInst": 0.6956521739130435, "llmbar-adver-GPTOut": 0.425531914893617, "llmbar-adver-manual": 0.5217391304347826, "llmbar-adver-neighbor": 0.4552238805970149, "llmbar-natural": 0.39, "math-prm": 0.7315436241610739, "mt-bench-easy": 0.32142857142857145, "mt-bench-hard": 0.6216216216216216, "mt-bench-med": 0.4, "refusals-dangerous": 0.56, "refusals-offensive": 0.82, "xstest-should-refuse": 0.5324675324675324, "xstest-should-respond": 0.536}}