{"accuracy": 0.5055276381909548, "num_prompts": 2985, "model": "/root/autodl-tmp/data/result/merged_model/human_datamodel_counts_7000_ID__04b70c0ca99f4e2884848939fbbea879__SWAPS_2267/model9864", "ref_model": null, "tokenizer": "/root/autodl-tmp/data/result/merged_model/human_datamodel_counts_7000_ID__04b70c0ca99f4e2884848939fbbea879__SWAPS_2267/model9864", "chat_template": null, "extra_results": {"alpacaeval-easy": 0.5, "alpacaeval-hard": 0.49473684210526314, "alpacaeval-length": 0.6, "donotanswer": 0.4117647058823529, "hep-cpp": 0.5121951219512195, "hep-go": 0.4451219512195122, "hep-java": 0.47560975609756095, "hep-js": 0.5182926829268293, "hep-python": 0.5121951219512195, "hep-rust": 0.45121951219512196, "llmbar-adver-GPTInst": 0.5760869565217391, "llmbar-adver-GPTOut": 0.3617021276595745, "llmbar-adver-manual": 0.5652173913043478, "llmbar-adver-neighbor": 0.5298507462686567, "llmbar-natural": 0.46, "math-prm": 0.5794183445190156, "mt-bench-easy": 0.35714285714285715, "mt-bench-hard": 0.5135135135135135, "mt-bench-med": 0.475, "refusals-dangerous": 0.46, "refusals-offensive": 0.36, "xstest-should-refuse": 0.38961038961038963, "xstest-should-respond": 0.636}}