{"accuracy": 0.4381909547738693, "num_prompts": 2985, "model": "/root/autodl-tmp/data/result/merged_model/human_datamodel_counts_7000_ID__04b70c0ca99f4e2884848939fbbea879__SWAPS_2267/model3812", "ref_model": null, "tokenizer": "/root/autodl-tmp/data/result/merged_model/human_datamodel_counts_7000_ID__04b70c0ca99f4e2884848939fbbea879__SWAPS_2267/model3812", "chat_template": null, "extra_results": {"alpacaeval-easy": 0.55, "alpacaeval-hard": 0.42105263157894735, "alpacaeval-length": 0.6631578947368421, "donotanswer": 0.4632352941176471, "hep-cpp": 0.524390243902439, "hep-go": 0.5121951219512195, "hep-java": 0.5060975609756098, "hep-js": 0.5304878048780488, "hep-python": 0.5121951219512195, "hep-rust": 0.6036585365853658, "llmbar-adver-GPTInst": 0.31521739130434784, "llmbar-adver-GPTOut": 0.46808510638297873, "llmbar-adver-manual": 0.5217391304347826, "llmbar-adver-neighbor": 0.5149253731343284, "llmbar-natural": 0.48, "math-prm": 0.14317673378076062, "mt-bench-easy": 0.6428571428571429, "mt-bench-hard": 0.40540540540540543, "mt-bench-med": 0.5, "refusals-dangerous": 0.27, "refusals-offensive": 0.08, "xstest-should-refuse": 0.461038961038961, "xstest-should-respond": 0.596}}